user_id,yelping_since
17171751122231233212119414221137,2005-03-14 20:26:35
49911561571501117216717227911167,2007-08-10 19:01:51
4651832114611214317144212320121,2007-02-07 15:47:53
1014169102230313151514461919213247,2009-02-09 16:14:29
37838818332309812151626121161523,2008-03-03 04:57:05
1417239202625182412111718922301317147,2008-06-25 14:53:17
5310152617162216411107119241323241717,2009-07-22 16:47:01
31510531523171016192542414102072620517,2010-07-04 17:18:40
110241326219611242014514180162415087,2010-10-01 17:29:36
817151596222323241041925201231651,2007-08-04 20:21:09
520156219132110172191502241626182017,2008-11-03 17:31:30
3241964210251671619119890211181,2005-07-22 11:07:20
13212611246161991011371090715182607,2009-01-29 03:48:53
2010232127112314913022197125161002223,2009-09-30 12:20:56
6241722252412131244002712192418723,2010-01-10 22:31:48
9541216149258864161221114171627,2007-10-03 23:21:51
23211814296181471129132522385141,2009-02-11 17:40:20
1241665122414214101797152024422277,2008-03-31 17:05:27
91892412821224522213150171920023,2009-02-28 17:37:36
221925251278246261016112112812723,2008-04-04 07:33:02
202519172361220126222014422316717,2009-01-28 15:57:33
14244181992214203219161811025291423,2007-02-11 16:52:12
194016641632124822563185124157,2010-11-09 03:39:46
81057112420171625263710626177172123,2011-04-09 02:32:25
551162656318121101321302025614717,2009-04-08 16:42:57
1926151171126718321025116126251417,2010-03-03 19:27:28
2613275123111272551519163897,2008-02-01 18:27:54
152601722132182382411122221931217,2011-02-16 00:02:35
26223202510172065165446118155817,2011-02-04 18:04:28
121517132341835252126202312261915317,2009-09-23 20:33:41
31225413992025737219922221413217,2008-06-09 05:26:34
223201610824199174192012162221319123,2006-12-22 21:43:07
1017132427231014499262468621127,2009-01-26 06:45:46
20424226135162515265251495515461,2005-11-15 19:42:07
325922210742119528022411171917,2009-08-03 18:13:47
17112177611212181218261023244202232317,2006-12-13 21:15:35
1082132264261817611151422318201,2007-06-09 18:24:56
3267517700112542626254141521,2007-12-15 16:39:25
417151584409724396171319316192023,2008-02-19 21:45:25
132618253816325294243128252124623,2009-03-26 15:41:52
1205241313102210251016227120516223,2007-02-27 15:08:31
882024172422231672526147134611823,2008-06-09 01:05:25
1172019309251613141925191248185267,2006-09-28 17:45:17
211713104916211722112226131832217,2009-04-16 23:52:35
12302022362325262923202325251240231,2009-01-08 23:55:17
61041720016182181217523221621113131,2008-01-11 19:30:54
82618251419144876181913233172017,2008-10-27 21:47:03
6716518251122251513811241675221423,2007-11-03 20:39:24
25152051317055240111394269252023,2009-03-02 18:36:00
466171592126244725133318313811817,2010-09-20 18:15:13
1416491159162716243152321324263517,2009-01-25 00:43:10
241271272152520805142423112242223,2010-06-02 20:49:33
8133103252021916261512214210228241923,2011-06-07 16:17:51
119715211973902011123114817,2009-06-30 05:37:15
317214880134824142621112424514123,2008-12-29 21:03:01
12131721260122121218125856109121023,2009-02-06 17:10:44
13614241721181971212234156121023,2009-05-06 05:16:01
61281112151542121946818252217,2007-07-02 20:38:44
1391621743222156218560811123227,2006-11-12 23:50:50
5251712512218774181612241012517,2007-07-31 19:21:58
101622200215146132121178621218227,2007-02-26 08:01:30
6162246239151323715721415225142217,2009-08-10 12:00:50
15142341723717141116531211213232221123,2009-11-10 15:42:31
71110181719216423222211112210392523,2010-05-08 19:02:41
84229148192551275212157122101,2007-08-24 14:44:21
2311418860151144202424132114621,2007-04-19 23:01:18
241012194111124122421913420171482721,2009-09-09 14:53:07
217103202232105892921619907,2007-06-26 21:49:08
1716421981926581071218162016817,2010-06-07 20:14:44
411192416742418231217147151848417,2009-11-08 06:30:39
4222291719224221121019121412723,2009-02-18 14:41:31
127212261625722141168178820782917,2012-01-16 12:37:18
109317322171014192184141914211671,2010-09-13 23:36:57
22782315201114265111444181261921223,2010-05-20 13:56:13
48202225265325542212214514242217,2011-08-05 14:19:44
1715818515131415112152662319145823,2011-03-04 16:04:50
206158813221145251042113215823517,2009-12-01 02:35:33
21821231611616591921167130112647,2007-06-26 20:12:13
17172625232411125422192312201725123107,2010-03-10 05:07:29
2421165619171011151612610518324912423,2008-02-13 19:50:00
101222651131125146218815811921721,2007-05-25 22:18:09
75122451248171362221014811221877,2004-12-07 16:42:55
2175123121112317244421231259547,2009-01-08 16:35:00
2212129273185171612922620544101,2007-03-19 18:33:14
168168129205431721626326326247,2009-05-02 07:31:55
88121025111048138246815532021,2010-05-07 21:07:02
2625182488711191111214181224816227,2010-09-12 22:51:42
582281214721251012613172116332023,2010-05-27 17:34:06
21201951081512216218136991015116241,2008-09-08 19:18:09
1813710781941616251713269201917142657,2009-04-26 08:39:11
11616718132571319101220187322523141423,2009-01-25 21:52:56
1412211141875222146217716254241,2010-03-30 18:52:54
212222212114111111121011311619133211,2010-01-24 20:51:37
1241522142292692914192162413212101,2010-12-21 13:55:39
19212012581661917362119252583253217,2011-02-22 19:15:10
23181921151069100101354102026718171,2010-08-21 00:08:11
212118242622120231822319111132452141623,2011-03-24 17:38:54
71082611231917391816549165222112623,2005-09-21 16:54:53
2523622032214211489032414521711227,2008-10-30 23:49:18
03111551888151461972219131411227,2009-06-30 16:36:54
1719232692516684223101756920207,2008-02-13 16:51:33
102135621154776714201192026262581,2009-03-10 20:31:49
63261624331012381262473181891717,2006-09-26 23:41:39
23262141117272486161871292614707,2009-06-18 15:47:44
17161471615151216249915524111222124017,2009-08-17 02:12:14
1992026120145131612221214641917,2006-11-22 01:06:46
2726231028222311171211819418112491,2008-01-31 01:39:24
26143412761120911592499157121423,2010-01-22 00:36:55
191424162414310524511781624823211,2010-04-28 21:01:47
062016941524414241517171318156523,2011-04-29 22:50:09
8331621269878233418826111722101,2009-11-05 23:20:01
171171062319165792322352381218241517,2007-06-07 01:00:50
96171121551131661721647916131023,2011-05-02 21:26:17
9215020229201613713446110118517,2007-01-21 07:42:01
386212648162219111751213211014171,2008-12-11 09:00:07
2552031928202120601231912422227,2009-08-28 14:59:27
251713110211256923723205696417,2009-01-28 20:55:53
43261341115212251016114162395221,2009-05-26 05:31:15
22122018222619125165262691611231023,2007-07-16 20:52:24
713221612141788118518318010199182317,2007-03-17 03:11:43
91264163791128180211672624317,2008-11-09 00:43:19
33262251624324815151741717225117,2009-02-19 02:08:44
869411190651123310171371935417,2007-05-17 04:18:04
99192161725162061207244173516917,2006-08-25 16:26:05
1479152424814214124815151262113157,2007-07-05 19:41:59
662322326155419217251716521022517,2009-06-30 13:46:24
592132332610202391421113519152547,2010-07-14 18:56:36
0111017891521161852121881921017,2008-08-20 20:53:30
2568221617131941822131813524122232291,2011-05-04 12:55:47
2813151319101514588316941010387,2009-08-16 07:50:20
14314171216101326102565357615207,2008-07-13 14:06:09
16920142061614111821222192614627101117,2009-03-02 05:52:26
612420141811320153108924181625424257,2010-12-22 02:53:44
24941822411202433232226513115137261,2008-05-19 00:58:40
5712182115231851521182431816348131,2012-01-08 01:09:43
21412613187144361562172302617,2008-05-21 21:01:53
8141416214222161319101722148264722127,2010-11-13 21:02:07
71116526517143916253181182346257,2010-02-27 14:14:48
10362598131521713101810426611277,2007-04-09 16:55:30
232452020169129131211225224281,2009-02-16 23:15:53
128626182222645321114824219820923,2009-12-11 06:58:09
4112224129011418267812120976197,2011-03-19 00:15:22
1421752116322192314442410165612817,2008-02-01 20:20:17
20251215189252520223261417922871141317,2007-08-21 06:08:17
171822012115523182259141101926811523,2006-04-16 23:15:45
101541911241102326182322218124202123,2011-03-06 05:05:03
251932511515113202423153444496197,2008-03-03 19:56:41
223268172114201916107201792174219117,2009-05-29 00:09:52
0126232592259361122420182196141,2010-01-22 14:22:46
63721524724620221025051122417,2009-09-19 21:45:14
356123212511716710617692312238111,2008-10-29 14:36:42
213822212621256228221381313181687,2009-12-30 04:06:52
261581410451115176474222314222321,2010-04-06 19:38:02
23262680881511131323247371411620517,2007-08-17 16:36:10
2122242509251611725719421962020241,2007-06-11 03:54:14
432525200182619120612349261124151,2008-01-08 01:39:32
1017368155922463251267112510137,2008-11-05 19:36:18
19262524121710147938725491255223,2007-03-19 18:42:00
210431995128131976161196951,2010-08-10 04:27:25
1931512121551432818131119252192411,2009-04-12 04:29:32
2589251718261862616141323125818232617,2008-01-21 16:33:14
252020471539112134831124192221,2009-09-02 15:30:08
2196171515511100121222639151147,2008-10-25 02:56:07
81121263219261182184131117151716017,2011-05-30 01:00:52
249825142671621212141744211515423,2009-02-16 23:59:01
1872524813615012221581923211441802417,2010-07-28 08:32:33
20511235172232615109116542226101,2008-11-14 07:08:04
1913265321171888845181133252023,2010-04-03 21:31:45
181825259261581951332311817882601,2009-05-27 18:11:54
26921690212451088425512216177,2009-07-07 20:45:11
1211221814410482101537232616162841,2010-06-30 16:05:51
2120282446101116131914514332071123,2009-08-03 07:30:40
14152162510232115326158542323,2007-05-13 03:31:10
3462520101012166164164162019223,2009-12-21 04:56:34
12268437897152214419181013122167,2008-05-07 00:34:28
21202511171016201526815231251261717,2007-08-13 08:20:10
16172692556661712116152419415197,2009-07-18 01:54:06
323151222932107172401914214119717,2009-02-09 15:35:37
26101820112010111244671512122211,2008-02-19 22:08:44
14122196731919618132262105268221023,2007-10-13 22:05:38
111215221661110145621011921924817,2010-02-13 19:57:24
81047246743251226262016717201,2009-07-19 20:52:22
11212312111826176217212323101716252262023,2009-01-06 01:22:03
51411122621192232425256692041,2009-03-27 06:54:21
24386192222161381624202324518121,2008-08-02 01:34:36
1288222017626541481019272010351,2009-09-24 23:29:53
2014011171111325121525111131314161220207,2006-09-12 20:36:39
161418102019214861751421921116117,2008-07-25 01:46:50
45208186251023343311261272214923,2010-05-08 17:19:17
191411136236251311713141184182112423,2007-11-08 16:29:12
987201820314137417922177661317137,2007-05-08 17:19:57
22301262628242182451015202323112541,2008-06-07 21:45:46
92316242328231314215202510662241,2006-01-02 18:08:07
9822641317821111911519120557,2008-08-20 22:49:02
1824582462422137252641721111912621,2010-11-12 06:29:12
151925252052119161161132202421111,2007-01-17 05:20:52
61825251411181352589330819887167,2011-04-25 22:12:54
196261016191102826138121910193241,2008-11-23 21:16:34
2012554446223427921321213277,2007-04-17 18:26:01
992311531953324212511157187241223,2008-11-21 17:33:30
14111441536109245113822322681,2004-10-12 08:46:43
191841524211920231414592207317,2009-10-22 21:09:18
764202517717152022131115422225188221,2008-02-05 18:06:36
18321725192541177161622341617710177,2007-06-30 12:28:20
479322134211924812611202111521,2007-12-13 18:38:40
71317185029997741418255762461,2009-04-23 03:02:03
19715237252462685148176151231471,2008-09-28 02:13:27
1122311962126221222261342372318191,2010-05-16 02:08:56
6222571816171216112359252142487,2007-08-22 05:52:53
3869161162461423699332224261,2010-05-22 19:33:48
261425141031166421522941895171,2008-12-10 01:15:53
321161641514769011926268923,2006-08-22 16:41:33
22842561572101622141098238151515117,2005-07-21 01:16:04
2312818222612151211475117481471217,2010-08-13 18:08:45
1324252235107198212172611676441317,2010-07-15 02:13:50
16171510102079126921811227102822617,2009-04-07 15:12:30
132015242412101025141625451819162382023,2010-08-28 05:17:26
4181124210183124182415146101617523,2010-06-07 23:04:00
211715191621624662091931181621237,2007-03-15 21:08:03
92371538315152546452229732171,2008-07-18 06:10:00
1181410121221223925251591725214261,2010-01-06 21:36:31
262114161525262621217223247362016517,2008-02-18 17:03:35
1520665531717152012651116857,2010-08-19 04:27:10
1942114161671913101322526221113310261523,2010-01-03 01:01:31
45158267171241418872214134125111,2009-05-27 22:48:55
129122476611201718520241121413267,2009-03-14 20:13:33
257110814204451224191026417251817,2011-02-13 02:02:02
86211013101424111772192424816171,2009-03-30 03:07:48
2146102814401758253172162123321,2005-05-03 02:37:40
201519812261715261326162019122325211811,2006-02-06 16:59:50
2117250251226111143315454101523,2006-03-11 05:55:25
231521122788361251431101566423,2010-03-31 23:19:50
132264126712024242055252221524172123,2008-02-02 01:59:48
1021416199211713241727163411215261,2007-02-20 05:06:43
1420252516123266241755412922483171,2007-10-12 16:19:11
16218137924161717226921171211917,2009-08-18 16:48:39
42118313185921016420161002417631,2009-10-28 04:45:55
262313924257102224815251211018812417,2010-05-16 14:17:16
31313258192513491621914299061,2009-01-06 07:35:15
13224111791172216577137317261821,2006-09-21 18:08:47
26126212587718217221410611817135717,2008-03-16 23:04:16
31318148191925252164119111851351,2009-07-19 20:57:00
23517520182323161921101121882621515623,2006-11-04 00:08:49
158228121123219571919201921423,2008-09-06 16:34:43
4212422811014461201423235262461,2007-11-17 13:21:50
518124232267152513698697232201,2009-12-17 17:35:49
2024201031015623221325172111317526191,2010-07-27 05:16:52
19252223211117104152561312924221213517,2008-06-30 12:39:30
17124101911262624121516222526617,2009-10-22 08:33:29
139612382581314142616132022392617,2009-02-20 18:05:49
9259196112225481023101914227261,2008-03-27 14:48:51
2013251389721252118129151574725417,2008-06-23 22:25:43
16522112351472222661111158261717,2006-05-31 21:27:42
21113122142151224071111425261451,2006-11-05 06:24:29
3411552113016262218561919172110232417,2006-11-29 20:02:02
25017929211815618122442432159323,2010-06-14 08:25:50
21717121712261867618121722529127,2010-06-30 14:35:13
425422248853162962414186141021417,2010-02-17 03:45:52
161413222751516132316172116168797,2006-11-08 18:36:50
1521154151621163117631121175141847,2010-04-09 05:28:01
24824122182252219925521710201125817,2007-11-24 03:25:36
181162517064132997152224201714623,2010-07-13 01:21:32
712252131110127631423262612817923,2011-04-18 21:14:49
811052524122321132021541815141317,2009-07-18 04:57:31
16411811154121521210392724111151,2010-09-21 05:33:46
3211348261012911113242471721277,2008-08-03 18:13:31
1867238241319152487211123817,2010-07-05 14:23:00
272617512251215614169241692024162017,2008-07-11 14:23:13
101472320519137161917019111120212071423,2008-01-04 19:44:59
56149720242113722324518181791,2007-08-26 17:04:47
10172471522232584398181977,2006-06-29 13:33:16
251372617221144136518241220361123,2009-03-16 23:41:53
813222570162332617172204127233337,2009-01-16 20:49:27
615192482517105199918622298183217,2011-08-01 23:01:14
415226316190241021545232661,2011-04-04 13:44:15
2415421918102872117982513111023,2010-10-16 16:36:41
95712131923312321468161518111623,2009-10-24 05:31:53
59212532012519363826988917,2009-12-31 03:11:40
227141114113156008117111524102071,2009-03-05 08:56:02
10425431212521141122414171117723,2010-12-18 18:32:22
191652198268924931431332316112123,2012-03-13 15:08:57
201322529826481812236131312171817,2006-09-15 15:10:52
617161611152618771145819182217,2008-07-08 16:23:20
17932126571341731732324111053723,2009-08-11 15:58:37
410241498212482625171089151711181881,2008-05-09 13:48:14
66819212310721326258962381123,2009-08-03 20:24:59
122620918125101920211432121528072123,2009-07-20 14:34:53
9211140841025516231881913947261,2009-12-01 05:02:07
1524713626724424241122723325123,2009-11-20 03:55:07
1731882324131316332162581211412111,2009-08-01 16:47:49
2277202532424102423814112425132428187,2011-03-14 03:05:01
115148232631842219112156242461117,2009-07-25 18:59:06
1925207916642418101726319192571,2008-08-27 02:45:24
2082471926141283421158919181711,2006-02-21 22:04:12
1452608912211520192611945151916223,2010-05-14 18:05:21
1018151201891202125177116261068323,2008-02-15 14:56:53
114114752224514514168203882223,2009-02-03 22:52:23
541511914121972121182021721437,2006-10-30 16:01:45
121316231325112281012212622179102661,2011-03-11 08:45:06
1012018859141529622201461914205717,2006-05-14 04:59:08
208879796013171520221411132612717,2006-10-10 00:16:07
1022198425281661810202958227,2009-07-16 19:37:57
42114678222624821471488815237,2010-03-25 11:14:58
41510914114121016324142021123255211523,2008-06-27 05:14:46
17149185231824246141919237717617,2010-07-10 18:54:05
71986931311422821255191692016317,2007-08-13 20:00:46
211222101013208717822392211524127,2006-02-16 05:36:17
101128116192142302118152018790537,2009-09-09 07:13:05
7432471320152142517241623571723,2008-12-25 08:58:28
18126211011917172321210211781516923,2011-10-27 18:41:22
251726916896141362226251223261217,2011-01-02 04:03:21
13781152315152217101522014636112017,2012-07-29 15:20:17
719151725515610517459751422181,2009-05-30 16:34:20
2228176981191272532581825191823,2007-04-18 10:21:35
221262413242218722019172517151085317,2010-04-21 23:43:27
214502621625677112389325126317,2011-02-21 21:32:18
21141741351510116441842021227317,2007-03-19 18:36:02
892673523120281678135251131207,2009-05-22 20:19:55
2415162675712122692104171218111,2006-12-19 21:49:11
61421111361962342126288201618251,2008-09-08 21:36:30
92011174176141024179771971,2010-07-16 20:51:51
26619171111222613520121061113101251,2007-04-04 16:28:09
259612116181083111241412204251287,2010-01-26 01:27:15
261124786482615161421191184632423,2008-07-18 23:06:00
42221222121812251315521165521156231723,2010-12-01 15:22:29
163262422188391124316176181587,2010-04-06 01:17:55
24332469220742117131612816137,2011-06-16 23:38:31
9231316174121036252616141718927,2010-08-10 01:56:34
17491125182019199814511782625423,2005-07-30 00:52:25
955719121523331422174221662671917,2008-10-07 15:07:55
921812620231226131727124222417923,2006-01-03 21:31:46
246122225249102392582216132671217,2010-09-16 02:56:24
1561281015261113621147183173177,2010-07-03 15:26:36
32332122217254138914144510171623,2010-10-13 00:10:05
11159162321871202615720415261351123,2009-12-06 09:49:59
77161421549615318101062362123207,2007-10-22 00:01:02
3121915186595214211413318620212117,2008-02-17 20:48:33
2417214962222251125734031321691217,2010-02-28 19:22:03
5419121748717143324224121920101,2009-08-26 20:39:31
10211925102565259221025226262425317,2008-04-29 16:26:26
510162242254115419161721252206121523,2007-12-18 17:48:50
715148251469181511024146152345102317,2007-08-17 20:21:05
4266331413518232215456266251311,2007-11-05 06:02:41
412523663112172534812261618121,2006-04-01 16:40:17
141265131027325221815342351681123,2006-01-05 19:23:47
1332582172411424534202112101326232523,2010-08-03 02:31:09
7794417615410417252671325232617,2010-12-20 04:13:02
2326257142211831621102612118236181181,2011-05-15 22:26:08
6326201226219421917421131273102251,2008-06-23 16:03:10
21111491218135171234202611095131,2009-02-23 02:14:51
09201381311361020183117151760137,2006-12-04 20:35:39
2916241965136119815921718722221,2007-01-16 23:10:12
10247175201656226164202325181671,2007-11-14 02:39:07
805181124232616221562424216513251,2009-12-02 21:15:49
38689883013101912216981313191,2008-08-10 17:24:59
17101352414412155119625226243310217,2011-01-10 05:00:27
2183292242151171925184219222232123,2007-05-06 15:54:16
3971761422241782126182821192224187,2009-11-18 00:02:02
026181210723016172123179213159719817,2008-04-08 12:55:19
13131319181241279211891891242523517,2006-10-24 22:40:11
95313531701613111217192481915932023,2010-07-08 06:11:31
215253121311248310226131224331,2009-05-19 18:18:11
1823171011218151841514151721010141197,2006-07-17 19:19:35
325491301413922877243248101131,2007-01-26 12:57:20
1463142016218231916518228651999217,2010-08-02 18:23:02
51113992102519257125171625162101731,2010-06-19 23:11:53
202326542242121641161420217823,2009-05-18 00:14:50
2489711222217821121991517187617,2009-04-20 09:59:00
22711311214188126443161324117,2008-08-15 01:58:32
1019414171271810191245221911717671,2008-03-31 01:11:13
12241222071542125624136113339161323,2011-08-26 00:17:23
8714410422135325141662411181097,2010-08-05 03:49:32
14713209917051124012418172021791417,2010-07-01 23:19:13
313212121471924191212042411724317,2010-07-17 23:11:33
14658103182072111122201632026251523,2011-02-25 00:03:30
1571223101426127213713261773323,2009-09-22 21:20:41
2753151918247719713121938167,2006-05-12 06:07:32
196242616198142051717191226213310481,2007-07-05 10:28:44
3610203181432671419441815181111417,2009-10-17 00:44:07
7187496101411418261219141222637,2007-12-29 07:02:41
1191326417133124212624624153623,2010-02-23 23:00:14
4235114431411155244117212032331,2007-04-26 20:20:25
14112413172413152071911919922722171097,2010-06-09 04:23:38
666191582210286142312185523,2010-03-16 05:41:15
1731642121434136661320320254417,2008-09-13 02:11:11
262022179192091119716202118613919617,2010-01-15 21:02:19
14201481612171522401624121869816231317,2009-01-15 19:32:37
988142331316101412102201435015623,2007-09-20 21:04:43
252121242324106238324911141713823,2010-01-07 19:49:15
410251121723717267191592616151323,2009-02-23 03:31:05
1117133222613132288211612248289127,2009-03-20 01:06:19
122635261725161921126035195823177,2007-09-06 04:18:48
721212441928201326131222415915520257,2009-12-29 01:20:47
26814102415811215178189871226271,2007-07-17 11:51:03
02318364202323461893227026171017,2011-04-15 15:45:47
3251591719525255216211224111018191723,2010-07-14 00:56:56
625221421182207110320982423423407,2008-02-18 21:24:28
72615217231712519152622121251391447,2011-03-01 20:07:23
15135269161514111618172114131622169187,2006-01-18 02:35:04
10121423614921161882681252015101823,2009-09-30 19:31:00
2118104196231064610182520172081317,2011-03-28 20:23:08
117208151142226916625937142018223,2007-12-26 23:05:41
660131523211568616223261815513137,2010-03-20 14:06:43
21131817262611522212026159155323,2009-07-23 14:58:28
1614223492011621154201219161435121023,2008-03-18 03:12:42
2321222473267251710227771523907,2007-10-29 04:16:13
233211218267518911146411723103267,2008-12-30 03:33:16
12422231111211381631589241261322261,2009-06-07 17:58:04
1420111720613223192123612194102422107,2008-09-17 20:27:00
241355716315909191241952223,2006-11-12 06:37:21
6122318129172226711426125150311,2010-07-31 20:40:24
202615234419182226021011918172617,2011-09-07 18:12:51
71722803192518231021231882120111321157,2008-09-13 18:30:05
1671273241314194263915161126857,2008-12-15 22:32:48
2410161899610465222316618247,2006-03-14 01:41:23
4172022825242371418148732145371123,2010-04-06 07:09:25
7251821576228192181763146236017,2009-10-25 22:44:22
12226161492081924420198121610141323,2010-09-22 00:25:24
231663166751792423113114041,2007-04-18 20:01:40
585182162622918111921224232419472323,2012-02-29 23:02:50
1519211513122692461313253172341557,2006-11-11 07:54:52
211242611161268716242282572223124167,2009-05-05 11:53:17
6235222511264843221172574537723,2009-08-31 05:06:09
681902171251881352424111719252417,2007-03-19 18:19:11
323210443209101217252117151824151,2007-12-14 01:37:29
2659516318124193265253613125182117,2010-06-25 19:52:21
122161012098619207132243156132691,2009-05-26 14:48:43
12223772349318657413822123,2008-02-08 17:43:39
20220268211222512411302151423917,2008-01-23 23:29:34
22182300152331822817201111011637,2010-02-05 06:49:26
2162331461712220711610713322231,2006-12-08 21:23:51
14119982412971314222662794117,2006-10-20 19:13:22
221326319811881110756111511647,2007-09-30 03:25:15
122221121044181225062252491182323,2011-03-06 00:01:09
2284171111232422641911031011922337,2010-02-18 04:27:55
1411724588231921157606541617,2011-06-28 20:23:32
2262411182226513214194325642399211,2008-04-19 07:27:01
1122220152372338131910520217182517,2009-01-08 15:35:28
142156957423192167121230152057,2010-06-01 21:41:53
3151423812122269841619751911218247,2009-04-24 16:52:49
22634101431515122182325512503241823,2007-01-20 20:23:55
321014182211242152214911425213181,2011-02-10 03:24:59
11592242417672066101190523217,2008-12-22 17:08:58
13108181911131317211825261891564221717,2007-07-10 14:35:22
01201021921221621619726101202514417,2008-07-01 03:02:01
203137123811642215311161018232323,2008-09-19 01:24:07
42112392099413192071829249218251,2010-03-19 05:18:26
1202642018152571632221325552623,2007-01-31 18:33:57
137154181925121910181750611133651,2008-09-10 16:18:00
15242182322256272022221319232397,2006-01-20 16:58:24
54013268181156125731933192023,2008-02-04 20:41:22
61819669224132692046131572081317,2007-01-20 22:12:13
161871818316241554152219389122617,2009-01-19 17:03:34
251414175121851214678399520211,2006-12-08 20:09:59
9102410919122117771635101138323,2007-03-28 00:49:32
421934190141415252414176125232623,2007-02-20 07:33:37
2412292315822091626141420762022523,2006-08-21 03:01:38
61941569106225171551834141310157,2007-04-19 15:41:34
25235526252676561915041621259131,2010-08-22 00:20:45
310262312205181108142892521217201,2010-03-16 01:24:06
91514221323122220314252442445617,2010-11-01 05:33:12
11382722232035241820380131723723,2008-07-23 16:32:17
61232224172372624611589110318121,2011-02-12 00:17:38
3325176151917924221115112212221621117,2009-06-27 06:30:30
1721521511187171616554119720267117,2010-08-09 12:11:08
20511138216233221262468212122087,2007-07-14 19:45:51
243192531886102420126152201724417,2008-07-23 02:19:28
320129182325243418821972561514123,2011-06-25 20:58:00
1461717622924221826252016132523205227,2010-04-28 17:12:26
226192324154158582517416261715161417,2010-10-26 19:11:42
32556155114101511771311255125317,2011-10-24 15:50:21
36122201681269626812561811232617,2008-07-16 07:22:27
73081412511212319123692221818923,2011-06-22 22:15:29
1171618758172253226217136587,2010-08-02 19:21:25
711911342519265184717471921217417,2009-02-16 21:17:38
2101115521486161317171535131724197,2011-07-14 14:30:58
320262357151534111719192281525517,2011-05-26 22:00:36
2525420242584103919151320892612151,2011-09-16 04:45:35
22534161287517221624155707817,2006-05-11 19:12:06
818113196143726720463919142117,2009-11-11 06:41:40
621415192556824747155923151137,2007-05-20 04:24:05
1142311362111523982215410631,2009-09-14 02:32:04
925121237122031323961223276161,2010-06-09 18:12:39
1617117121821725926318326923516207,2011-01-05 12:38:42
2114523152128722592221189391767,2009-08-23 22:41:05
22501221233182624127230182572541123,2008-08-22 16:38:41
12142512116121919152373961325319227,2007-08-05 06:31:17
2072071522921826252552111117,2007-12-28 04:47:17
2515924221209189182425211681022323,2010-06-19 22:12:40
2614141024710718151123213784531,2006-09-25 23:54:27
2171617520318424422205121851232623,2007-08-06 18:57:50
91172231121117421516720310419623,2007-09-20 02:26:57
1721142269141613192124475142652619423,2010-08-06 11:49:42
82271610232252415242218272221112571,2009-07-12 15:42:32
4662813222131314462226122387,2007-03-15 02:39:26
1168232452088261218234251513201223,2008-06-13 11:35:59
7197871122184210122422225471517,2009-01-05 20:41:27
1014122318167525181026171016720187,2011-11-12 22:40:19
21216233156201661041715112617,2011-03-06 17:08:24
217232632515127212152632222718207,2011-01-08 18:05:04
101121814222182489184273141414417,2008-02-18 06:26:06
53112101833181011189210221822171817,2008-02-08 17:49:44
2417242179415181724252182623196323267,2009-05-31 05:08:55
41922232411241137122111219195222123,2005-10-02 20:12:20
12151716212197112391252261514324117,2005-11-22 14:50:59
1172324883183413111324776151251,2005-09-25 03:36:49
19853249972223108713924236101523,2007-10-21 21:58:44
1915461263257261812222136113522317,2009-10-15 23:39:24
1414153182112818130193983210467,2009-03-29 03:15:40
4814325123541623122422151252231721,2006-03-21 00:14:17
32911122610172511120632625942123,2006-10-19 22:42:51
19242251725317959191913217111,2009-12-28 00:37:23
171698222012268210238526166262017,2009-11-22 20:38:08
115151810216221931824832183917,2011-01-04 08:18:29
19141771926161324215761439342017,2009-05-12 13:55:01
3121211227811512119141710163101123,2011-03-14 22:13:09
219212162372217177252447232624142017,2011-03-25 22:29:05
971361803242190221023518811107,2008-10-31 03:07:15
522123774522518258772113150417,2008-07-17 16:10:13
4206252041432451936106314213423,2008-02-11 20:11:52
16281141725149176101216332125191217,2008-11-06 22:43:53
41322197126141314242351266191012141823,2008-04-24 05:02:01
9218117311151371919913612313137,2010-07-18 20:28:25
213331921182623819161921591210237,2011-03-26 00:54:42
916149041742272451432485952023,2010-10-10 16:10:04
1022219716111556249845131528211,2010-10-04 04:02:09
1978129702623519782139192520187,2009-05-19 12:41:55
1131721525226318122211622131154697,2006-12-06 21:46:05
1341511525141210426624775152225623,2007-03-30 17:49:13
992011201119131329234611159119111,2010-11-19 15:12:44
1115214323192235128451015191851917,2010-11-01 17:51:28
8322169106715716175182151111817,2011-06-28 21:53:39
012811312124232172144218102207,2008-05-29 00:38:15
1398242121153019103911514151723,2010-05-05 04:07:01
59191521712184101972037183151719247,2007-10-23 02:22:03
222616725183331717231316187923181,2011-01-17 23:05:22
8182617751412214121417549211926222023,2008-10-28 01:39:53
4251271722061671358131116923207,2009-03-04 23:05:57
71191715201925412122420112621491761,2010-04-12 16:44:29
201210524261372391710617170742623,2008-10-17 15:18:31
141015191620513192813161125732323,2009-09-24 06:04:14
231813413252091160222131419141122111,2006-11-29 15:55:01
23131812102552212102126249225725201,2010-03-02 22:31:16
9191305261519269141242252925423,2009-05-30 15:35:53
16819205219822525243101191425817,2008-11-23 22:46:00
212221990173816122196215516165017,2011-04-08 22:19:26
212116202052351022951171423202417247,2009-09-20 17:56:33
7101131315231713238992222624252141717,2008-09-09 15:34:33
2325172046187157108169762622247,2010-12-30 23:59:01
106918422152261017254131223221917,2010-07-28 15:21:32
1816363242642111125162345162117,2008-06-12 22:47:18
51999891324682419833010202223,2010-07-01 08:51:57
1922227122262525223132696121019121287,2009-06-21 21:57:55
1214121501420116101541411882613817,2012-02-15 03:42:49
120351852320142418138325142168923,2009-04-25 05:58:24
102558249191241520918172042121119623,2008-02-01 19:31:10
2032451223826511105861710532419717,2008-04-09 02:40:37
425112222221714151012151841102117,2006-03-01 08:08:53
24902091472923206191725032157,2009-09-08 22:09:33
81371469572252215168262419111247,2010-05-31 02:05:22
17816425213184131110118542413257,2009-03-26 17:53:53
61216317227131513521112143031,2008-08-16 04:33:45
257251121142324718216221619121,2008-10-15 03:41:29
20168122382420121265523111119231191,2010-07-19 23:52:54
23342411516332121715151925168231,2010-11-18 15:48:49
1882267142661311613216121471317,2010-07-29 22:34:29
41825265232431622253192251816722157,2007-12-11 03:09:35
920185651551620105276222018219141,2009-08-26 05:22:15
20017515511121327920623221317151723,2009-08-28 12:41:26
251716421011116619517252192215218157,2009-01-17 14:35:36
17228635226172516221991065201,2008-04-16 07:39:50
22249132169182282022991912162331223,2010-08-11 15:34:33
1520025810841219191852291949133121,2008-12-14 01:52:37
269222023145163261012158251821519167,2010-08-09 00:22:30
6108517121922671388221011201369223,2010-09-04 01:58:50
5191215937818155203214146241017,2011-05-28 21:42:38
259264162518525261414124241238221617,2012-07-29 03:48:26
831211319718766847211133117261,2009-12-25 23:15:20
242015101421422631989814123,2009-10-11 00:33:31
2161641519251919015169143781481,2012-02-19 16:59:30
1325622692107122612141814522257,2011-05-08 23:01:02
72241723260146242262517155232492117,2011-01-19 15:51:20
2013725111812181566813201612487141217,2012-09-23 16:44:14
11815319242224142522221501925713151,2012-07-02 01:07:11
25518111652521221186128010582177,2010-12-30 21:24:54
4151826132415814111101412812119617,2008-05-31 17:05:05
8555575943112262366817526623,2011-07-16 15:36:48
181011171183113462241214422204317,2010-10-01 18:13:08
19171518131301447135913171419900017,2010-10-12 00:43:18
1722419211221314112421232172658717,2006-05-26 23:03:31
910151125476200615165249191611121,2007-10-01 02:06:45
8173116131767221045821312231,2008-05-21 21:44:26
1511711210115102215198127741919431,2008-08-22 14:34:27
212423552912432692392326201361,2011-03-14 17:48:29
820191015812611811415769645617,2011-07-31 18:31:13
21332172220241221262231217962612181,2012-02-09 19:09:20
13251205261678222120239211320156723,2012-07-22 00:35:28
62322919923262171771172510121312323,2011-03-06 01:54:31
214254134212531814214724169221217,2012-10-11 22:37:28
2117623161316261549285871201,2012-10-13 17:57:43
152151862417245231546204261102177,2010-03-13 18:28:48
22261326332454205232323162020825217,2009-02-24 17:54:01
19261304201187914720126471186123,2006-09-22 12:38:30
5255143121225222186434325610823,2009-08-17 21:42:33
9726182420103820168122417211891325121,2009-02-14 16:03:23
262312434182116111632512281257,2007-01-29 19:14:03
23171319101813212133241232472211921141,2008-10-19 18:21:22
4261815261514912131919672217211224131,2011-01-22 22:52:12
652019971922661751917229192342417,2010-09-06 00:15:20
32510261221361322220101813321811617,2009-03-13 18:55:39
12211141801913216617618396172307,2007-07-18 00:29:21
41919150256271312162120166115623,2008-12-01 16:58:19
2392514881191911156983116824623,2011-02-01 00:20:54
137247189255262133201398148216123,2011-09-01 17:19:57
1516161682291681911813107325512523,2010-06-25 01:11:13
9103244203231832623172290218141317,2010-08-19 04:38:14
194723814117921222362065246221,2008-02-19 18:13:19
10231611614166152018781721862516161,2008-06-25 18:40:48
3917135157211192206716234882223,2010-07-26 05:02:16
8142151913251526269192514257129221,2008-12-11 22:31:28
319159181723491614201916672211762523,2009-06-01 04:05:50
11526136171116241088520610811261023,2005-08-24 18:23:42
812147562219181314131031981671381,2010-04-02 04:00:03
25521819132220825931941812124221623,2010-05-09 23:29:30
10316931112736202233822525517,2009-04-27 22:52:46
2581520251214717917161615614910212523,2009-08-07 15:58:18
518725124198111622211181816163717,2009-02-13 03:28:28
32411212423206901815163222517,2006-06-05 19:31:36
248251671401153381241410912823257,2010-12-29 10:49:14
41310771532310239311117222323923,2009-03-21 02:23:44
12137414762511511726822323,2011-07-22 20:23:24
9912142442319189231941313201323,2009-05-12 16:01:00
188775217261382621254222162611161,2011-08-28 13:36:53
14439621112082185816642318211141,2010-08-09 04:15:49
7721525202531331921626519192123211817,2010-09-24 20:46:52
3715120271517100261821125724152017,2010-10-10 03:28:49
5926259111645212014274200173231523,2012-01-09 01:28:11
228171663132620392523318170268117,2011-02-22 19:38:45
16172325181457172322736918221417,2011-01-12 20:58:55
129702252410214242516221114212421417,2012-01-03 18:27:26
46161641825212103241252461625211,2011-10-06 16:45:42
2710157481410268107161041119117,2011-03-12 03:46:21
0137951414202321118243111231872031,2011-06-09 17:18:32
2572168151721181721791320315121517,2009-10-09 15:51:32
52142119411682413691512722246517,2005-06-20 23:29:46
16912232296255261913211071218191921423,2007-04-11 18:49:19
1721610151072292212161162422420111,2009-10-23 00:53:07
22222509119011667621222612531923,2008-05-18 06:07:20
14166752522259211881413417414231917,2005-07-28 02:13:01
2122496208592326631224205121412101,2010-02-14 03:34:24
11318625713201864916202226821937,2009-08-16 08:23:32
22723417061642641520941021232517723,2005-09-19 22:42:35
719251012923155872259217372131,2009-01-10 03:43:49
141031925912193121212201622251209221,2008-03-05 08:15:58
822221715525132526710858181912179107,2009-02-03 17:43:49
141411202525172119261992115116826121723,2006-10-19 03:21:43
126144204224155222112221915218177,2009-10-31 22:17:47
953142420420258810381321258232417,2010-06-24 08:39:35
176106218462318871714222423,2009-10-09 20:29:51
53106255222511145121312752349101,2011-04-01 14:07:18
991121213161884122616242182192623217,2008-10-18 04:13:34
161211761894822722132613172217141,2007-11-13 23:28:33
115617924281663191218228025207,2011-03-23 00:08:42
014561510171316351420171720852423,2011-02-09 13:40:39
2231921719171324341916202119232224181,2009-02-26 23:33:40
1201611741618158872014185162021217,2011-01-19 04:18:03
261712931565231918101816192911152417,2007-06-18 19:08:23
4232692246839262132555249211,2008-02-01 16:59:18
982421518185105192616291913417,2011-05-17 20:05:08
220018117251512231919726161926213142017,2005-07-05 20:49:00
2221125203449313773762116911141,2008-03-09 19:00:04
3117101842062175166422191162147,2007-08-04 01:26:33
1432726141012166925209213626257,2009-10-04 06:33:03
11241072016201025226251072201625611,2008-08-04 03:29:54
152404209191262192257611922121317,2009-10-15 16:29:11
1220152524320316169126748181715423,2008-09-14 19:24:38
2214241625341621926421717514221311717,2010-03-13 07:25:24
242621751722955126171881619101817,2007-01-13 06:02:40
20131589181613122140132513112151923217,2007-05-09 21:29:48
4139151010261613015131310239122127617,2008-02-01 01:10:08
219267171823914243141311154245414317,2006-05-24 23:59:56
1713132386451059146410152626102523,2006-02-17 07:55:40
12131159201025151811124252124412381,2010-07-24 22:37:04
42524265181318191426102071925142620517,2009-01-07 02:52:38
951194252271626214817811118124217,2009-02-25 03:44:22
2301592241120264141825150132171101717,2008-07-12 23:06:03
4131014114815102236211143941827,2008-11-27 02:24:47
11873865184231218133232221931,2008-03-27 22:05:28
10613161715718146201311891623268517,2010-03-06 06:02:28
6146211121712149518115175132061,2008-02-19 00:25:33
132065915315252521514338815169217,2008-07-02 05:33:58
19262613513954931151321245114202523,2010-08-13 16:48:50
2191351592112420117212041512191,2009-07-12 04:02:45
1623212611619716141562211637233217,2007-07-30 08:21:00
22081625261161317611310810723,2009-08-12 19:20:10
1203281221024255415241152520151817,2006-05-07 17:22:44
1502224215511952022563112116257,2006-07-12 17:01:58
2061651981311207420326193141717,2008-04-01 20:02:26
12251337191518251821726321812677,2009-01-26 15:23:43
52391776251531771112182411637,2008-06-18 15:48:00
91624101223161116202616202312610692181,2009-03-03 11:40:10
142417148116193172322235461623,2007-07-08 15:31:23
9388241713122331421162213113142317,2006-01-09 20:55:48
01646135179112626825105119757,2010-04-21 07:00:39
415124241019129236152117162316151317,2009-06-26 04:06:09
17518316206812612124191819125617,2011-06-20 16:18:32
6423511162642318131361162121172623,2010-06-15 01:09:08
141341420320156918324181123924151123,2010-06-03 18:42:46
12231713313152223822202122213518262641,2009-05-09 03:34:46
2017112452625251177171121121409121,2010-12-05 01:05:31
122422162579228184122241615251617,2009-03-04 19:00:05
183222251821546624112418231822291,2011-09-26 01:55:52
17172015814160316714261414211521317,2009-11-16 14:01:45
137347511222141221814963161923,2011-05-30 02:21:48
1716312783921808372621201610201017,2009-03-12 06:24:53
861612244155062520231319111271114137,2008-09-08 19:37:49
3436143262622618311459257919323,2010-06-03 03:11:57
102022142626410422326115262211015023,2008-05-26 15:16:00
1825613519143517211419722816173182617,2009-10-15 02:49:18
1432425622113185211121013024123,2010-08-17 01:47:04
82210831615782621171712151584112131,2011-02-09 21:25:55
215191491126212131234222522202611,2009-11-14 19:40:14
11218183142320215481956255181367,2010-01-29 22:48:35
1373232521842124211917191420252923,2009-07-15 23:21:41
8261517111184179293742510112071,2010-03-15 12:08:15
1632545515626827112262611292117,2010-09-05 05:52:48
1523223191052982518141526221182347,2006-07-13 18:48:44
20171331202496188242523860177,2009-01-16 18:39:33
1221176171981262412587821192114823,2008-01-24 01:13:42
23141526121318012123890831623,2008-07-19 03:21:27
2121131737224917989216251461723,2009-06-21 02:51:42
8241025023213243992326118172018323,2011-02-17 19:08:56
33239731590411484159241614121,2006-04-03 17:20:01
261514201117610951061421181921118017,2007-01-23 21:36:37
1912472153191011321173251281181623,2009-07-23 16:04:56
103992152511138269102864917,2009-10-21 03:23:04
16425171910152351016921820218099717,2009-10-22 17:16:52
6232411481017314463153251514161341,2006-10-14 00:39:10
561122102179526201821425526231817,2009-07-30 03:09:07
210221231561982314165814168251981,2010-03-18 23:10:55
0233221411615261271619255212123,2011-03-26 03:59:21
311202517151819719103911732518651523,2010-03-02 16:45:27
9515072023125118202582618261322247,2010-12-18 23:59:29
910622952218413723261317251323,2007-10-23 06:26:12
393201151911182221131816237,2011-12-17 04:44:22
161441191661172114132613213191811,2010-06-24 17:37:39
020316231431010742524203192022131,2009-08-06 04:13:56
20323126163241172616325158923,2009-05-15 05:23:19
252461391926232315411257122772151317,2011-06-29 21:55:31
8212471144261352324252527189351,2008-09-21 12:46:45
5212018212319132610253012992421441,2009-05-31 14:16:54
1719142615262320232592121317142263101,2012-05-25 10:24:35
12412941187216123251515262417117,2010-07-31 16:27:14
25661981910152754925130257151,2010-06-19 00:47:59
221411415916121220207191631754241923,2007-01-27 19:40:56
8221839183171121481652515719231017,2008-12-11 19:16:55
11321281526221176212112171188221917,2007-01-11 02:50:29
4141192017221952076910242120142417,2007-11-08 04:45:16
3228201972411112182116932222461017,2007-08-08 20:31:29
22922315226222381516413118112084227,2010-06-05 16:44:22
93204412614191722412182615525187,2007-11-28 13:06:18
1511162826916203232126712215171723,2005-07-06 19:51:55
623614715258184172521292515147,2008-07-06 23:43:14
719134145142481223131011811372391,2007-12-18 17:00:49
22322420721124236618821622326172423,2010-10-20 01:14:35
41077161123526102218641896217,2008-06-10 02:12:46
884122055712222181810422622516177,2007-05-05 04:11:31
2492511119167132010212217651014101,2008-08-26 01:53:58
1612511492322118250212152424123917,2011-03-31 17:55:11
810110125261813204152171042292677,2011-07-12 07:36:02
233111423101649142351023156112511397,2010-07-16 17:02:55
4163211511514316752023121420518117,2006-12-18 07:10:15
21752151972381658892310157,2009-05-31 06:02:42
141236186524232419225171218127261117,2010-12-01 23:01:43
151924141917241132691643721,2009-09-08 05:51:20
2111132218991761224157231094817,2008-04-27 03:44:12
21461122482082324181622223105151717,2009-08-08 13:11:32
1758142401713619223639515201824423,2011-07-31 23:52:35
22251761525354231818122517920187,2010-08-26 04:32:29
6131722416541926612121051615111441,2011-08-24 10:24:13
21112142587102421157144559111,2007-08-23 16:56:57
2519111771325262523782236222351412141,2009-12-03 04:42:24
1752373242154246101119112425251762317,2010-01-08 23:29:22
111911317825239640462165619223,2007-08-25 01:33:28
561261412152625156517677487623,2008-07-20 20:18:07
51726181611161123654182361417513211923,2009-08-26 13:24:28
144621111252220262518618112162223,2008-10-17 17:14:48
16720726812324615132211311613187,2008-05-24 23:51:49
21212218917466113915156241037101,2007-01-05 05:12:53
4113682324231582310264781814161417,2008-08-18 03:37:32
62285252641314813121710219817117,2008-03-10 20:21:04
17813121717266171118216862617261771,2009-06-11 07:28:37
8242116812621982213181524166157417,2010-07-31 06:14:01
2525315262424171251731235213151841,2009-09-22 15:00:51
25186222610182162532219011616757,2006-11-30 04:00:32
8178112669181723392321203182231,2011-05-30 06:18:12
18186372214101985851520620251051,2010-08-31 23:49:15
91910193422972212851825247177,2010-09-06 13:30:30
126492315191281810314151201171391,2010-08-13 20:42:13
71831120252191716921121523225832211,2010-05-03 04:55:16
1325252022111111192411172187172111117,2007-07-14 06:06:09
72283121715238816841921201525127,2009-02-02 16:40:32
6181113182911124111922221225116197,2009-08-25 19:26:29
14716154231310111881026231224227,2007-04-28 19:20:38
422104313211617889972523212617,2008-07-22 17:46:20
817265398243231919961516510141,2006-11-12 22:24:39
2518341513192424220241621211279121,2011-06-15 21:18:43
82610726154103152121523714225165517,2005-08-23 15:47:14
4141810235241498132371431715213237,2009-08-13 04:00:55
272516311323222038194132224182257,2010-12-16 06:53:16
101423718152122651123142418107,2009-01-25 04:35:42
1926451192417715051313141219819491,2005-11-29 04:38:33
161711232421919141520101517263131517,2007-11-20 00:06:16
72221773616101432101723613222422423,2011-05-07 20:19:22
1722913136712197251316261025552761,2009-06-20 01:41:58
421317193516162283222217100425157,2009-04-10 04:09:50
2261977192513231121569414262462317,2008-07-28 20:27:16
67141961019591918202158024324141717,2007-01-07 03:10:05
2422218790020526202622617132011221,2008-08-09 00:30:27
1114171417191258363296121258517,2006-10-17 16:58:00
25613142106669611331114121117,2008-09-17 16:57:28
18638201625715181081670252024162611,2012-03-23 02:20:37
231425212633201017192398221814472123,2009-02-12 14:59:51
98241471181110102081741818110172281,2007-01-16 18:34:51
874156111632612161722241991,2007-04-02 18:00:23
2453211552232216161925023122241451923,2009-06-15 15:58:13
172285122216221126011221169171910117,2009-05-19 01:42:25
31751514020222019333824917319257,2008-06-28 04:19:46
122114624155119172361282011512151023,2009-04-24 15:08:23
10231822112129145112219147549202111,2010-02-09 23:41:40
17792311218241419811853131322262417,2011-06-01 21:02:59
921191486411281112521142525197181,2011-04-12 00:40:53
1511201320321952122132215352612717,2006-09-01 00:46:17
622991624102261211231476965167,2010-05-16 07:36:40
7171491392681612218141255532617,2008-05-27 21:44:25
320151818161941791423171118148131077,2008-02-08 17:37:23
26582111513112231394119752617,2007-02-27 07:09:40
32323606232161331020261823121788137,2011-09-19 17:50:11
919414228121742019261313131117232551,2011-05-20 18:52:41
242120526471091222341923231310202623,2010-06-12 21:17:34
2661016129165171201017221018206162617,2010-07-06 23:43:08
413213186132451116179262223104181,2009-05-01 22:02:31
22262614207152226115443245100111261,2011-05-01 23:56:40
1442313262612181562115872119465131,2011-11-13 23:00:23
152317211515244121513821105231620187267,2009-05-30 22:17:21
171017241516812212044263252641017,2011-01-26 18:50:55
28691144141511178319222222331023,2010-07-27 18:31:36
1443358140415161451614222221461,2010-05-12 14:47:55
18201225142011484231215135341257,2008-09-18 09:27:11
92253261022224912231710131216161951,2008-04-09 03:15:04
521972282120221127171571214122117717,2010-11-12 21:22:16
23242241161519228321616415725251823,2008-05-06 14:53:25
148152131157125182092216297191,2006-11-05 03:21:05
221121343418192223201811477510111117,2011-11-20 01:17:41
12418221219239111819241613122951917,2008-06-08 16:43:56
7141524816232313151115132112202577,2009-08-21 21:52:07
177205141615202615247175201861113523,2007-08-31 04:39:43
71619472315102231916232412920251,2005-06-18 03:43:57
6197222621121551389113610211517,2007-02-14 14:51:38
224220752622102626426231265171017,2008-07-15 02:20:54
21259310224715161819261411132981,2008-07-16 17:42:03
17885122185151114318215422001723,2008-09-07 19:29:42
184201632511331315171479732043231,2008-02-05 04:41:21
681822159726319537191339011,2010-06-06 00:04:58
72613716189711142218122472022255261,2011-02-03 08:56:16
17151425162512611243182120165814623,2008-03-03 05:27:58
2382051152468241222237188215423,2009-01-22 23:44:39
61151421341154187624102213209817,2009-03-22 17:29:00
2119196714133910193449168243201,2008-01-26 02:17:31
815262437125201732418171426117421151,2011-03-22 18:43:39
10135618212511121010115162588101647,2009-03-02 17:53:49
9226182021227192614571282312177,2007-09-10 15:21:48
7259352542425711102582222681817,2011-05-11 18:45:50
322421312241619213522921021617121923,2009-08-02 03:06:38
913186210148624478238251723,2008-08-04 05:49:27
24115139242442462095701623023,2010-08-29 16:27:18
17182498112522482326243252412240131223,2009-03-12 23:01:26
15112022211719681851711381324227,2010-08-27 21:41:40
1322510916311924191466131012585617,2009-10-31 00:02:29
1812431921832131783213248112523,2011-01-03 16:27:06
67115147127232487816142162167,2011-10-07 17:29:07
269162115161717256261171723312222651,2009-10-12 19:29:16
105211322191023145171642117461211817,2011-10-14 22:55:41
2214822621611615981920844423231,2011-10-22 21:06:58
1581252324268106762569117231,2011-09-03 15:00:23
115153253126924232124215237561323,2006-01-18 07:42:28
21132426236132151126823105310261217117,2007-05-03 03:40:29
1424215145232274922115423422268151,2007-07-31 17:20:35
7231911117106112232271115118191111017,2008-01-20 22:46:04
21711076222522224122161520110192561,2007-11-02 00:26:28
21092438326379191222254151033323,2010-06-12 11:48:53
20255131615211422192514621018811815817,2009-10-26 01:15:28
2516131871424141711418131981917818517,2008-04-20 22:49:44
22141014241516221772122491922253623,2005-09-07 06:03:38
6421281999723121152413211411311117,2010-09-28 18:52:23
2219255161124242011412087855251,2009-06-18 19:25:58
98132182583824121041415177153723,2008-03-26 20:18:28
2225192423235121261144243211324207,2007-05-22 21:37:04
326222322992623264244132021161141,2008-01-12 05:26:50
1514217512532101323170118222111423,2010-11-12 02:11:18
1219324211052551946162109221311817,2009-02-02 21:51:44
1472472261463149237191525410132017,2010-04-26 03:53:40
7142222135109022881526211822204207,2011-10-05 01:10:21
38174171321919263122626211221710417,2012-06-10 18:10:38
8917224184191974720171217395211317,2012-01-20 14:07:41
5131624410294149242319712227517,2005-03-10 15:43:01
9315192571532651139114383231,2007-02-23 23:12:44
199162391211210955126922172319251217,2010-12-03 09:09:34
85164521114131217410282524111,2007-07-07 07:01:30
2621238177102221751552571447,2007-07-18 13:40:18
1131581533210626616151528101923,2008-04-10 15:32:15
2613322174352016243516246131610757,2007-04-29 18:42:11
191817201024102021017241780318137,2010-02-27 02:15:58
222213513262410113261691225741110241823,2005-08-22 21:21:50
26141092512266214243121024162696107,2006-06-24 05:14:10
2681551134157171926514241216241423,2009-08-27 12:42:43
21316245722181017181825311219252223,2009-04-16 02:06:47
29461198612182521125412241323,2009-02-24 09:15:57
202273020820218238392422571601023,2008-07-01 19:53:03
12853741322202141141145101923623,2007-03-04 03:29:43
166212124112152421112121425172515161217,2009-11-13 05:47:37
62522512181186131820209315320251,2010-05-20 04:34:24
157151081659919932218542118441,2008-01-14 19:20:46
04795936223612618821101331117,2012-04-23 18:51:46
253631242122505121211201941614217,2011-12-11 22:42:34
2227871924171522121088461242261,2011-03-06 18:15:21
17152017214591418181021518166191,2006-10-26 02:27:17
37234217921760261316252082421417,2008-05-01 02:47:00
19481261921910252625142418518201523,2007-11-25 08:45:55
152124017110131632665311262211217,2011-03-26 18:27:48
851914182421484117157321716821017,2008-09-16 12:34:08
259819417123128101825262252119211617,2009-05-10 09:20:20
1498318236423221111017848242371517,2005-12-30 13:47:19
238611148202214192182520152810168717,2006-07-07 22:26:39
14814163924228913201325212532110281,2006-08-17 04:06:34
9252249240244914215822301421101517,2007-06-25 15:21:42
882422128812181761162222101131,2006-09-02 17:51:20
231239681391526491815153524441617,2007-08-05 06:34:02
161380113501211227511032263227,2007-05-03 22:54:43
24710152417518122230972112202323,2007-11-26 18:17:17
913294222415125110020619122221287,2009-11-21 06:08:22
2416121323152019422810169919925131,2008-09-04 20:55:01
1210142122671752210152618255103171423,2008-02-25 21:54:55
10712221891268632541719214261717231,2010-04-07 23:45:10
5120191915716242132322172226242117,2010-10-04 20:26:46
10251417171541610371413216121115057,2007-05-21 00:03:05
1623812146147891821554241596201,2008-10-30 20:11:47
255175161610171151010782610231816623,2007-03-24 15:47:23
29226924872322020262413644171,2011-11-02 08:35:55
252217171582121117171525222061441810191,2011-06-29 21:16:38
134516352224172125212161717262726417,2006-07-09 14:50:08
2025972346238811183814261215221,2008-12-23 01:50:13
10261323144911244112123151725916123,2009-01-07 18:59:45
7252381241425618117132594423,2006-09-19 06:13:02
31479201753176251224262221223,2010-10-25 03:59:39
522720120172226119102642302621,2007-03-17 20:44:27
4161820938162318103112421731111,2007-10-17 15:14:03
5107412132121102197206567261557,2009-02-20 20:48:03
21410162125231626242520816822022887,2011-08-01 12:53:56
1625151139146192011222318126212171623,2009-06-02 23:04:20
141182521262023111513226341581523247,2012-05-16 19:37:58
1917391814222625151319911152261442257,2010-11-21 17:31:56
156101567526463340251010253187,2009-12-07 00:51:38
94830192381251418188491621562423,2009-01-13 10:29:15
25141441718682418799232021987651,2008-12-04 08:22:05
16511167202115721175191751522021,2008-03-13 20:33:19
5161661221179499163215913137,2008-08-03 16:39:23
41522191918241718265231572511726891,2007-04-19 04:07:27
16182081416112510111225610952293177,2010-06-05 23:03:54
2326808131019351402422412323,2007-06-13 17:06:08
711131521981232123176825151814161,2008-05-27 06:51:31
151191416132516121388241720161217617,2008-12-08 21:13:41
22163266822581910151064992423,2010-11-23 17:59:18
14913614971913223391323119615237,2010-06-05 20:19:44
18174230232111167246110761920723,2007-06-08 14:47:55
1325104152421221141613122624236101,2011-06-20 01:39:27
2452616103245142561412130169744101,2009-05-29 04:38:34
17236510714902451924222522118111177,2010-08-17 16:10:28
22642012951169114122613182117,2011-06-04 07:42:52
2381541378241232161416151810812917,2008-12-02 17:50:02
23103121992185102614215121115616111417,2006-04-25 16:44:03
102042171714618113522119146152171,2010-12-09 20:40:41
4162342568114163242512520224921,2011-09-03 20:52:11
13190441526311252212952213259257,2011-03-15 19:00:52
09501810151552218168952612121,2009-10-23 19:39:37
312923255424158323313261248217,2009-11-06 22:52:07
23244131912024102210684417262219723,2010-08-10 16:58:26
111161191820211732062145331417281,2011-11-30 00:39:01
232201612515216782612127212021,2009-09-13 15:14:24
53111122617220551314952517232531623,2009-02-12 02:43:24
25915982188202416238192691915219417,2009-06-13 01:16:09
1413213235242182123991941118121271,2009-01-09 13:52:40
91917241924123101061687172121623523,2007-08-19 23:16:16
61031222132162694691625221292410717,2007-03-23 03:17:50
2663142092672322726202110265241913187,2010-09-30 19:28:04
22184622222383242411232424221501523,2009-09-28 00:47:20
2517910231064324132162512477391523,2009-08-23 18:32:06
2314261821525418231419211242009417,2008-07-31 21:46:49
6314711155246182681291882124521223,2008-11-21 22:43:16
26204112180141118221862322331114181923,2006-12-29 22:56:33
