id,user_id
0,17171751122231233212119414221137
1,49911561571501117216717227911167
2,4651832114611214317144212320121
3,1014169102230313151514461919213247
4,37838818332309812151626121161523
5,1417239202625182412111718922301317147
6,5310152617162216411107119241323241717
7,31510531523171016192542414102072620517
8,110241326219611242014514180162415087
9,817151596222323241041925201231651
10,520156219132110172191502241626182017
11,3241964210251671619119890211181
12,13212611246161991011371090715182607
13,2010232127112314913022197125161002223
14,6241722252412131244002712192418723
15,9541216149258864161221114171627
16,23211814296181471129132522385141
17,1241665122414214101797152024422277
18,91892412821224522213150171920023
19,221925251278246261016112112812723
20,202519172361220126222014422316717
21,14244181992214203219161811025291423
22,194016641632124822563185124157
23,81057112420171625263710626177172123
24,551162656318121101321302025614717
25,1926151171126718321025116126251417
26,2613275123111272551519163897
27,152601722132182382411122221931217
28,26223202510172065165446118155817
29,121517132341835252126202312261915317
30,31225413992025737219922221413217
31,223201610824199174192012162221319123
32,1017132427231014499262468621127
33,20424226135162515265251495515461
34,325922210742119528022411171917
35,17112177611212181218261023244202232317
36,1082132264261817611151422318201
37,3267517700112542626254141521
38,417151584409724396171319316192023
39,132618253816325294243128252124623
40,1205241313102210251016227120516223
41,882024172422231672526147134611823
42,1172019309251613141925191248185267
43,211713104916211722112226131832217
44,12302022362325262923202325251240231
45,61041720016182181217523221621113131
46,82618251419144876181913233172017
47,6716518251122251513811241675221423
48,25152051317055240111394269252023
49,466171592126244725133318313811817
50,1416491159162716243152321324263517
51,241271272152520805142423112242223
52,8133103252021916261512214210228241923
53,119715211973902011123114817
54,317214880134824142621112424514123
55,12131721260122121218125856109121023
56,13614241721181971212234156121023
57,61281112151542121946818252217
58,1391621743222156218560811123227
59,5251712512218774181612241012517
60,101622200215146132121178621218227
61,6162246239151323715721415225142217
62,15142341723717141116531211213232221123
63,71110181719216423222211112210392523
64,84229148192551275212157122101
65,2311418860151144202424132114621
66,241012194111124122421913420171482721
67,217103202232105892921619907
68,1716421981926581071218162016817
69,411192416742418231217147151848417
70,4222291719224221121019121412723
71,127212261625722141168178820782917
72,109317322171014192184141914211671
73,22782315201114265111444181261921223
74,48202225265325542212214514242217
75,1715818515131415112152662319145823
76,206158813221145251042113215823517
77,21821231611616591921167130112647
78,17172625232411125422192312201725123107
79,2421165619171011151612610518324912423
80,101222651131125146218815811921721
81,75122451248171362221014811221877
82,2175123121112317244421231259547
83,2212129273185171612922620544101
84,168168129205431721626326326247
85,88121025111048138246815532021
86,2625182488711191111214181224816227
87,582281214721251012613172116332023
88,21201951081512216218136991015116241
89,1813710781941616251713269201917142657
90,11616718132571319101220187322523141423
91,1412211141875222146217716254241
92,212222212114111111121011311619133211
93,1241522142292692914192162413212101
94,19212012581661917362119252583253217
95,23181921151069100101354102026718171
96,212118242622120231822319111132452141623
97,71082611231917391816549165222112623
98,2523622032214211489032414521711227
99,03111551888151461972219131411227
100,1719232692516684223101756920207
101,102135621154776714201192026262581
102,63261624331012381262473181891717
103,23262141117272486161871292614707
104,17161471615151216249915524111222124017
105,1992026120145131612221214641917
106,2726231028222311171211819418112491
107,26143412761120911592499157121423
108,191424162414310524511781624823211
109,062016941524414241517171318156523
110,8331621269878233418826111722101
111,171171062319165792322352381218241517
112,96171121551131661721647916131023
113,9215020229201613713446110118517
114,386212648162219111751213211014171
115,2552031928202120601231912422227
116,251713110211256923723205696417
117,43261341115212251016114162395221
118,22122018222619125165262691611231023
119,713221612141788118518318010199182317
120,91264163791128180211672624317
121,33262251624324815151741717225117
122,869411190651123310171371935417
123,99192161725162061207244173516917
124,1479152424814214124815151262113157
125,662322326155419217251716521022517
126,592132332610202391421113519152547
127,0111017891521161852121881921017
128,2568221617131941822131813524122232291
129,2813151319101514588316941010387
130,14314171216101326102565357615207
131,16920142061614111821222192614627101117
132,612420141811320153108924181625424257
133,24941822411202433232226513115137261
134,5712182115231851521182431816348131
135,21412613187144361562172302617
136,8141416214222161319101722148264722127
137,71116526517143916253181182346257
138,10362598131521713101810426611277
139,232452020169129131211225224281
140,128626182222645321114824219820923
141,4112224129011418267812120976197
142,1421752116322192314442410165612817
143,20251215189252520223261417922871141317
144,171822012115523182259141101926811523
145,101541911241102326182322218124202123
146,251932511515113202423153444496197
147,223268172114201916107201792174219117
148,0126232592259361122420182196141
149,63721524724620221025051122417
150,356123212511716710617692312238111
151,213822212621256228221381313181687
152,261581410451115176474222314222321
153,23262680881511131323247371411620517
154,2122242509251611725719421962020241
155,432525200182619120612349261124151
156,1017368155922463251267112510137
157,19262524121710147938725491255223
158,210431995128131976161196951
159,1931512121551432818131119252192411
160,2589251718261862616141323125818232617
161,252020471539112134831124192221
162,2196171515511100121222639151147
163,81121263219261182184131117151716017
164,249825142671621212141744211515423
165,1872524813615012221581923211441802417
166,20511235172232615109116542226101
167,1913265321171888845181133252023
168,181825259261581951332311817882601
169,26921690212451088425512216177
170,1211221814410482101537232616162841
171,2120282446101116131914514332071123
172,14152162510232115326158542323
173,3462520101012166164164162019223
174,12268437897152214419181013122167
175,21202511171016201526815231251261717
176,16172692556661712116152419415197
177,323151222932107172401914214119717
178,26101820112010111244671512122211
179,14122196731919618132262105268221023
180,111215221661110145621011921924817
181,81047246743251226262016717201
182,11212312111826176217212323101716252262023
183,51411122621192232425256692041
184,24386192222161381624202324518121
185,1288222017626541481019272010351
186,2014011171111325121525111131314161220207
187,161418102019214861751421921116117
188,45208186251023343311261272214923
189,191411136236251311713141184182112423
190,987201820314137417922177661317137
191,22301262628242182451015202323112541
192,92316242328231314215202510662241
193,9822641317821111911519120557
194,1824582462422137252641721111912621
195,151925252052119161161132202421111
196,61825251411181352589330819887167
197,196261016191102826138121910193241
198,2012554446223427921321213277
199,992311531953324212511157187241223
200,14111441536109245113822322681
201,191841524211920231414592207317
202,764202517717152022131115422225188221
203,18321725192541177161622341617710177
204,479322134211924812611202111521
205,71317185029997741418255762461
206,19715237252462685148176151231471
207,1122311962126221222261342372318191
208,6222571816171216112359252142487
209,3869161162461423699332224261
210,261425141031166421522941895171
211,321161641514769011926268923
212,22842561572101622141098238151515117
213,2312818222612151211475117481471217
214,1324252235107198212172611676441317
215,16171510102079126921811227102822617
216,132015242412101025141625451819162382023
217,4181124210183124182415146101617523
218,211715191621624662091931181621237
219,92371538315152546452229732171
220,1181410121221223925251591725214261
221,262114161525262621217223247362016517
222,1520665531717152012651116857
223,1942114161671913101322526221113310261523
224,45158267171241418872214134125111
225,129122476611201718520241121413267
226,257110814204451224191026417251817
227,86211013101424111772192424816171
228,2146102814401758253172162123321
229,201519812261715261326162019122325211811
230,2117250251226111143315454101523
231,231521122788361251431101566423
232,132264126712024242055252221524172123
233,1021416199211713241727163411215261
234,1420252516123266241755412922483171
235,16218137924161717226921171211917
236,42118313185921016420161002417631
237,262313924257102224815251211018812417
238,31313258192513491621914299061
239,13224111791172216577137317261821
240,26126212587718217221410611817135717
241,31318148191925252164119111851351
242,23517520182323161921101121882621515623
243,158228121123219571919201921423
244,4212422811014461201423235262461
245,518124232267152513698697232201
246,2024201031015623221325172111317526191
247,19252223211117104152561312924221213517
248,17124101911262624121516222526617
249,139612382581314142616132022392617
250,9259196112225481023101914227261
251,2013251389721252118129151574725417
252,16522112351472222661111158261717
253,21113122142151224071111425261451
254,3411552113016262218561919172110232417
255,25017929211815618122442432159323
256,21717121712261867618121722529127
257,425422248853162962414186141021417
258,161413222751516132316172116168797
259,1521154151621163117631121175141847
260,24824122182252219925521710201125817
261,181162517064132997152224201714623
262,712252131110127631423262612817923
263,811052524122321132021541815141317
264,16411811154121521210392724111151
265,3211348261012911113242471721277
266,1867238241319152487211123817
267,272617512251215614169241692024162017
268,101472320519137161917019111120212071423
269,56149720242113722324518181791
270,10172471522232584398181977
271,251372617221144136518241220361123
272,813222570162332617172204127233337
273,615192482517105199918622298183217
274,415226316190241021545232661
275,2415421918102872117982513111023
276,95712131923312321468161518111623
277,59212532012519363826988917
278,227141114113156008117111524102071
279,10425431212521141122414171117723
280,191652198268924931431332316112123
281,201322529826481812236131312171817
282,617161611152618771145819182217
283,17932126571341731732324111053723
284,410241498212482625171089151711181881
285,66819212310721326258962381123
286,122620918125101920211432121528072123
287,9211140841025516231881913947261
288,1524713626724424241122723325123
289,1731882324131316332162581211412111
290,2277202532424102423814112425132428187
291,115148232631842219112156242461117
292,1925207916642418101726319192571
293,2082471926141283421158919181711
294,1452608912211520192611945151916223
295,1018151201891202125177116261068323
296,114114752224514514168203882223
297,541511914121972121182021721437
298,121316231325112281012212622179102661
299,1012018859141529622201461914205717
300,208879796013171520221411132612717
301,1022198425281661810202958227
302,42114678222624821471488815237
303,41510914114121016324142021123255211523
304,17149185231824246141919237717617
305,71986931311422821255191692016317
306,211222101013208717822392211524127
307,101128116192142302118152018790537
308,7432471320152142517241623571723
309,18126211011917172321210211781516923
310,251726916896141362226251223261217
311,13781152315152217101522014636112017
312,719151725515610517459751422181
313,2228176981191272532581825191823
314,221262413242218722019172517151085317
315,214502621625677112389325126317
316,21141741351510116441842021227317
317,892673523120281678135251131207
318,2415162675712122692104171218111
319,61421111361962342126288201618251
320,92011174176141024179771971
321,26619171111222613520121061113101251
322,259612116181083111241412204251287
323,261124786482615161421191184632423
324,42221222121812251315521165521156231723
325,163262422188391124316176181587
326,24332469220742117131612816137
327,9231316174121036252616141718927
328,17491125182019199814511782625423
329,955719121523331422174221662671917
330,921812620231226131727124222417923
331,246122225249102392582216132671217
332,1561281015261113621147183173177
333,32332122217254138914144510171623
334,11159162321871202615720415261351123
335,77161421549615318101062362123207
336,3121915186595214211413318620212117
337,2417214962222251125734031321691217
338,5419121748717143324224121920101
339,10211925102565259221025226262425317
340,510162242254115419161721252206121523
341,715148251469181511024146152345102317
342,4266331413518232215456266251311
343,412523663112172534812261618121
344,141265131027325221815342351681123
345,1332582172411424534202112101326232523
346,7794417615410417252671325232617
347,2326257142211831621102612118236181181
348,6326201226219421917421131273102251
349,21111491218135171234202611095131
350,09201381311361020183117151760137
351,2916241965136119815921718722221
352,10247175201656226164202325181671
353,805181124232616221562424216513251
354,38689883013101912216981313191
355,17101352414412155119625226243310217
356,2183292242151171925184219222232123
357,3971761422241782126182821192224187
358,026181210723016172123179213159719817
359,13131319181241279211891891242523517
360,95313531701613111217192481915932023
361,215253121311248310226131224331
362,1823171011218151841514151721010141197
363,325491301413922877243248101131
364,1463142016218231916518228651999217
365,51113992102519257125171625162101731
366,202326542242121641161420217823
367,2489711222217821121991517187617
368,22711311214188126443161324117
369,1019414171271810191245221911717671
370,12241222071542125624136113339161323
371,8714410422135325141662411181097
372,14713209917051124012418172021791417
373,313212121471924191212042411724317
374,14658103182072111122201632026251523
375,1571223101426127213713261773323
376,2753151918247719713121938167
377,196242616198142051717191226213310481
378,3610203181432671419441815181111417
379,7187496101411418261219141222637
380,1191326417133124212624624153623
381,4235114431411155244117212032331
382,14112413172413152071911919922722171097
383,666191582210286142312185523
384,1731642121434136661320320254417
385,262022179192091119716202118613919617
386,14201481612171522401624121869816231317
387,988142331316101412102201435015623
388,252121242324106238324911141713823
389,410251121723717267191592616151323
390,1117133222613132288211612248289127
391,122635261725161921126035195823177
392,721212441928201326131222415915520257
393,26814102415811215178189871226271
394,02318364202323461893227026171017
395,3251591719525255216211224111018191723
396,625221421182207110320982423423407
397,72615217231712519152622121251391447
398,15135269161514111618172114131622169187
399,10121423614921161882681252015101823
400,2118104196231064610182520172081317
401,117208151142226916625937142018223
402,660131523211568616223261815513137
403,21131817262611522212026159155323
404,1614223492011621154201219161435121023
405,2321222473267251710227771523907
406,233211218267518911146411723103267
407,12422231111211381631589241261322261
408,1420111720613223192123612194102422107
409,241355716315909191241952223
410,6122318129172226711426125150311
411,202615234419182226021011918172617
412,71722803192518231021231882120111321157
413,1671273241314194263915161126857
414,2410161899610465222316618247
415,4172022825242371418148732145371123
416,7251821576228192181763146236017
417,12226161492081924420198121610141323
418,231663166751792423113114041
419,585182162622918111921224232419472323
420,1519211513122692461313253172341557
421,211242611161268716242282572223124167
422,6235222511264843221172574537723
423,681902171251881352424111719252417
424,323210443209101217252117151824151
425,2659516318124193265253613125182117
426,122161012098619207132243156132691
427,12223772349318657413822123
428,20220268211222512411302151423917
429,22182300152331822817201111011637
430,2162331461712220711610713322231
431,14119982412971314222662794117
432,221326319811881110756111511647
433,122221121044181225062252491182323
434,2284171111232422641911031011922337
435,1411724588231921157606541617
436,2262411182226513214194325642399211
437,1122220152372338131910520217182517
438,142156957423192167121230152057
439,3151423812122269841619751911218247
440,22634101431515122182325512503241823
441,321014182211242152214911425213181
442,11592242417672066101190523217
443,13108181911131317211825261891564221717
444,01201021921221621619726101202514417
445,203137123811642215311161018232323
446,42112392099413192071829249218251
447,1202642018152571632221325552623
448,137154181925121910181750611133651
449,15242182322256272022221319232397
450,54013268181156125731933192023
451,61819669224132692046131572081317
452,161871818316241554152219389122617
453,251414175121851214678399520211
454,9102410919122117771635101138323
455,421934190141415252414176125232623
456,2412292315822091626141420762022523
457,61941569106225171551834141310157
458,25235526252676561915041621259131
459,310262312205181108142892521217201
460,91514221323122220314252442445617
461,11382722232035241820380131723723
462,61232224172372624611589110318121
463,3325176151917924221115112212221621117
464,1721521511187171616554119720267117
465,20511138216233221262468212122087
466,243192531886102420126152201724417
467,320129182325243418821972561514123
468,1461717622924221826252016132523205227
469,226192324154158582517416261715161417
470,32556155114101511771311255125317
471,36122201681269626812561811232617
472,73081412511212319123692221818923
473,1171618758172253226217136587
474,711911342519265184717471921217417
475,2101115521486161317171535131724197
476,320262357151534111719192281525517
477,2525420242584103919151320892612151
478,22534161287517221624155707817
479,818113196143726720463919142117
480,621415192556824747155923151137
481,1142311362111523982215410631
482,925121237122031323961223276161
483,1617117121821725926318326923516207
484,2114523152128722592221189391767
485,22501221233182624127230182572541123
486,12142512116121919152373961325319227
487,2072071522921826252552111117
488,2515924221209189182425211681022323
489,2614141024710718151123213784531
490,2171617520318424422205121851232623
491,91172231121117421516720310419623
492,1721142269141613192124475142652619423
493,82271610232252415242218272221112571
494,4662813222131314462226122387
495,1168232452088261218234251513201223
496,7197871122184210122422225471517
497,1014122318167525181026171016720187
498,21216233156201661041715112617
499,217232632515127212152632222718207
500,101121814222182489184273141414417
501,53112101833181011189210221822171817
502,2417242179415181724252182623196323267
503,41922232411241137122111219195222123
504,12151716212197112391252261514324117
505,1172324883183413111324776151251
506,19853249972223108713924236101523
507,1915461263257261812222136113522317
508,1414153182112818130193983210467
509,4814325123541623122422151252231721
510,32911122610172511120632625942123
511,19242251725317959191913217111
512,171698222012268210238526166262017
513,115151810216221931824832183917
514,19141771926161324215761439342017
515,3121211227811512119141710163101123
516,219212162372217177252447232624142017
517,971361803242190221023518811107
518,522123774522518258772113150417
519,4206252041432451936106314213423
520,16281141725149176101216332125191217
521,41322197126141314242351266191012141823
522,9218117311151371919913612313137
523,213331921182623819161921591210237
524,916149041742272451432485952023
525,1022219716111556249845131528211
526,1978129702623519782139192520187
527,1131721525226318122211622131154697
528,1341511525141210426624775152225623
529,992011201119131329234611159119111
530,1115214323192235128451015191851917
531,8322169106715716175182151111817
532,012811312124232172144218102207
533,1398242121153019103911514151723
534,59191521712184101972037183151719247
535,222616725183331717231316187923181
536,8182617751412214121417549211926222023
537,4251271722061671358131116923207
538,71191715201925412122420112621491761
539,201210524261372391710617170742623
540,141015191620513192813161125732323
541,231813413252091160222131419141122111
542,23131812102552212102126249225725201
543,9191305261519269141242252925423
544,16819205219822525243101191425817
545,212221990173816122196215516165017
546,212116202052351022951171423202417247
547,7101131315231713238992222624252141717
548,2325172046187157108169762622247
549,106918422152261017254131223221917
550,1816363242642111125162345162117
551,51999891324682419833010202223
552,1922227122262525223132696121019121287
553,1214121501420116101541411882613817
554,120351852320142418138325142168923
555,102558249191241520918172042121119623
556,2032451223826511105861710532419717
557,425112222221714151012151841102117
558,24902091472923206191725032157
559,81371469572252215168262419111247
560,17816425213184131110118542413257
561,61216317227131513521112143031
562,257251121142324718216221619121
563,20168122382420121265523111119231191
564,23342411516332121715151925168231
565,1882267142661311613216121471317
566,41825265232431622253192251816722157
567,920185651551620105276222018219141
568,20017515511121327920623221317151723
569,251716421011116619517252192215218157
570,17228635226172516221991065201
571,22249132169182282022991912162331223
572,1520025810841219191852291949133121
573,269222023145163261012158251821519167
574,6108517121922671388221011201369223
575,5191215937818155203214146241017
576,259264162518525261414124241238221617
577,831211319718766847211133117261
578,242015101421422631989814123
579,2161641519251919015169143781481
580,1325622692107122612141814522257
581,72241723260146242262517155232492117
582,2013725111812181566813201612487141217
583,11815319242224142522221501925713151
584,25518111652521221186128010582177
585,4151826132415814111101412812119617
586,8555575943112262366817526623
587,181011171183113462241214422204317
588,19171518131301447135913171419900017
589,1722419211221314112421232172658717
590,910151125476200615165249191611121
591,8173116131767221045821312231
592,1511711210115102215198127741919431
593,212423552912432692392326201361
594,820191015812611811415769645617
595,21332172220241221262231217962612181
596,13251205261678222120239211320156723
597,62322919923262171771172510121312323
598,214254134212531814214724169221217
599,2117623161316261549285871201
600,152151862417245231546204261102177
601,22261326332454205232323162020825217
602,19261304201187914720126471186123
603,5255143121225222186434325610823
604,9726182420103820168122417211891325121
605,262312434182116111632512281257
606,23171319101813212133241232472211921141
607,4261815261514912131919672217211224131
608,652019971922661751917229192342417
609,32510261221361322220101813321811617
610,12211141801913216617618396172307
611,41919150256271312162120166115623
612,2392514881191911156983116824623
613,137247189255262133201398148216123
614,1516161682291681911813107325512523
615,9103244203231832623172290218141317
616,194723814117921222362065246221
617,10231611614166152018781721862516161
618,3917135157211192206716234882223
619,8142151913251526269192514257129221
620,319159181723491614201916672211762523
621,11526136171116241088520610811261023
622,812147562219181314131031981671381
623,25521819132220825931941812124221623
624,10316931112736202233822525517
625,2581520251214717917161615614910212523
626,518725124198111622211181816163717
627,32411212423206901815163222517
628,248251671401153381241410912823257
629,41310771532310239311117222323923
630,12137414762511511726822323
631,9912142442319189231941313201323
632,188775217261382621254222162611161
633,14439621112082185816642318211141
634,7721525202531331921626519192123211817
635,3715120271517100261821125724152017
636,5926259111645212014274200173231523
637,228171663132620392523318170268117
638,16172325181457172322736918221417
639,129702252410214242516221114212421417
640,46161641825212103241252461625211
641,2710157481410268107161041119117
642,0137951414202321118243111231872031
643,2572168151721181721791320315121517
644,52142119411682413691512722246517
645,16912232296255261913211071218191921423
646,1721610151072292212161162422420111
647,22222509119011667621222612531923
648,14166752522259211881413417414231917
649,2122496208592326631224205121412101
650,11318625713201864916202226821937
651,22723417061642641520941021232517723
652,719251012923155872259217372131
653,141031925912193121212201622251209221
654,822221715525132526710858181912179107
655,141411202525172119261992115116826121723
656,126144204224155222112221915218177
657,953142420420258810381321258232417
658,176106218462318871714222423
659,53106255222511145121312752349101
660,991121213161884122616242182192623217
661,161211761894822722132613172217141
662,115617924281663191218228025207
663,014561510171316351420171720852423
664,2231921719171324341916202119232224181
665,1201611741618158872014185162021217
666,261712931565231918101816192911152417
667,4232692246839262132555249211
668,982421518185105192616291913417
669,220018117251512231919726161926213142017
670,2221125203449313773762116911141
671,3117101842062175166422191162147
672,1432726141012166925209213626257
673,11241072016201025226251072201625611
674,152404209191262192257611922121317
675,1220152524320316169126748181715423
676,2214241625341621926421717514221311717
677,242621751722955126171881619101817
678,20131589181613122140132513112151923217
679,4139151010261613015131310239122127617
680,219267171823914243141311154245414317
681,1713132386451059146410152626102523
682,12131159201025151811124252124412381
683,42524265181318191426102071925142620517
684,951194252271626214817811118124217
685,2301592241120264141825150132171101717
686,4131014114815102236211143941827
687,11873865184231218133232221931
688,10613161715718146201311891623268517
689,6146211121712149518115175132061
690,132065915315252521514338815169217
691,19262613513954931151321245114202523
692,2191351592112420117212041512191
693,1623212611619716141562211637233217
694,22081625261161317611310810723
695,1203281221024255415241152520151817
696,1502224215511952022563112116257
697,2061651981311207420326193141717
698,12251337191518251821726321812677
699,52391776251531771112182411637
700,91624101223161116202616202312610692181
701,142417148116193172322235461623
702,9388241713122331421162213113142317
703,01646135179112626825105119757
704,415124241019129236152117162316151317
705,17518316206812612124191819125617
706,6423511162642318131361162121172623
707,141341420320156918324181123924151123
708,12231713313152223822202122213518262641
709,2017112452625251177171121121409121
710,122422162579228184122241615251617
711,183222251821546624112418231822291
712,17172015814160316714261414211521317
713,137347511222141221814963161923
714,1716312783921808372621201610201017
715,861612244155062520231319111271114137
716,3436143262622618311459257919323
717,102022142626410422326115262211015023
718,1825613519143517211419722816173182617
719,1432425622113185211121013024123
720,82210831615782621171712151584112131
721,215191491126212131234222522202611
722,11218183142320215481956255181367
723,1373232521842124211917191420252923
724,8261517111184179293742510112071
725,1632545515626827112262611292117
726,1523223191052982518141526221182347
727,20171331202496188242523860177
728,1221176171981262412587821192114823
729,23141526121318012123890831623
730,2121131737224917989216251461723
731,8241025023213243992326118172018323
732,33239731590411484159241614121
733,261514201117610951061421181921118017
734,1912472153191011321173251281181623
735,103992152511138269102864917
736,16425171910152351016921820218099717
737,6232411481017314463153251514161341
738,561122102179526201821425526231817
739,210221231561982314165814168251981
740,0233221411615261271619255212123
741,311202517151819719103911732518651523
742,9515072023125118202582618261322247
743,910622952218413723261317251323
744,393201151911182221131816237
745,161441191661172114132613213191811
746,020316231431010742524203192022131
747,20323126163241172616325158923
748,252461391926232315411257122772151317
749,8212471144261352324252527189351
750,5212018212319132610253012992421441
751,1719142615262320232592121317142263101
752,12412941187216123251515262417117
753,25661981910152754925130257151
754,221411415916121220207191631754241923
755,8221839183171121481652515719231017
756,11321281526221176212112171188221917
757,4141192017221952076910242120142417
758,3228201972411112182116932222461017
759,22922315226222381516413118112084227
760,93204412614191722412182615525187
761,1511162826916203232126712215171723
762,623614715258184172521292515147
763,719134145142481223131011811372391
764,22322420721124236618821622326172423
765,41077161123526102218641896217
766,884122055712222181810422622516177
767,2492511119167132010212217651014101
768,1612511492322118250212152424123917
769,810110125261813204152171042292677
770,233111423101649142351023156112511397
771,4163211511514316752023121420518117
772,21752151972381658892310157
773,141236186524232419225171218127261117
774,151924141917241132691643721
775,2111132218991761224157231094817
776,21461122482082324181622223105151717
777,1758142401713619223639515201824423
778,22251761525354231818122517920187
779,6131722416541926612121051615111441
780,21112142587102421157144559111
781,2519111771325262523782236222351412141
782,1752373242154246101119112425251762317
783,111911317825239640462165619223
784,561261412152625156517677487623
785,51726181611161123654182361417513211923
786,144621111252220262518618112162223
787,16720726812324615132211311613187
788,21212218917466113915156241037101
789,4113682324231582310264781814161417
790,62285252641314813121710219817117
791,17813121717266171118216862617261771
792,8242116812621982213181524166157417
793,2525315262424171251731235213151841
794,25186222610182162532219011616757
795,8178112669181723392321203182231
796,18186372214101985851520620251051
797,91910193422972212851825247177
798,126492315191281810314151201171391
799,71831120252191716921121523225832211
800,1325252022111111192411172187172111117
801,72283121715238816841921201525127
802,6181113182911124111922221225116197
803,14716154231310111881026231224227
804,422104313211617889972523212617
805,817265398243231919961516510141
806,2518341513192424220241621211279121
807,82610726154103152121523714225165517
808,4141810235241498132371431715213237
809,272516311323222038194132224182257
810,101423718152122651123142418107
811,1926451192417715051313141219819491
812,161711232421919141520101517263131517
813,72221773616101432101723613222422423
814,1722913136712197251316261025552761
815,421317193516162283222217100425157
816,2261977192513231121569414262462317
817,67141961019591918202158024324141717
818,2422218790020526202622617132011221
819,1114171417191258363296121258517
820,25613142106669611331114121117
821,18638201625715181081670252024162611
822,231425212633201017192398221814472123
823,98241471181110102081741818110172281
824,874156111632612161722241991
825,2453211552232216161925023122241451923
826,172285122216221126011221169171910117
827,31751514020222019333824917319257
828,122114624155119172361282011512151023
829,10231822112129145112219147549202111
830,17792311218241419811853131322262417
831,921191486411281112521142525197181
832,1511201320321952122132215352612717
833,622991624102261211231476965167
834,7171491392681612218141255532617
835,320151818161941791423171118148131077
836,26582111513112231394119752617
837,32323606232161331020261823121788137
838,919414228121742019261313131117232551
839,242120526471091222341923231310202623
840,2661016129165171201017221018206162617
841,413213186132451116179262223104181
842,22262614207152226115443245100111261
843,1442313262612181562115872119465131
844,152317211515244121513821105231620187267
845,171017241516812212044263252641017
846,28691144141511178319222222331023
847,1443358140415161451614222221461
848,18201225142011484231215135341257
849,92253261022224912231710131216161951
850,521972282120221127171571214122117717
851,23242241161519228321616415725251823
852,148152131157125182092216297191
853,221121343418192223201811477510111117
854,12418221219239111819241613122951917
855,7141524816232313151115132112202577
856,177205141615202615247175201861113523
857,71619472315102231916232412920251
858,6197222621121551389113610211517
859,224220752622102626426231265171017
860,21259310224715161819261411132981
861,17885122185151114318215422001723
862,184201632511331315171479732043231
863,681822159726319537191339011
864,72613716189711142218122472022255261
865,17151425162512611243182120165814623
866,2382051152468241222237188215423
867,61151421341154187624102213209817
868,2119196714133910193449168243201
869,815262437125201732418171426117421151
870,10135618212511121010115162588101647
871,9226182021227192614571282312177
872,7259352542425711102582222681817
873,322421312241619213522921021617121923
874,913186210148624478238251723
875,24115139242442462095701623023
876,17182498112522482326243252412240131223
877,15112022211719681851711381324227
878,1322510916311924191466131012585617
879,1812431921832131783213248112523
880,67115147127232487816142162167
881,269162115161717256261171723312222651
882,105211322191023145171642117461211817
883,2214822621611615981920844423231
884,1581252324268106762569117231
885,115153253126924232124215237561323
886,21132426236132151126823105310261217117
887,1424215145232274922115423422268151
888,7231911117106112232271115118191111017
889,21711076222522224122161520110192561
890,21092438326379191222254151033323
891,20255131615211422192514621018811815817
892,2516131871424141711418131981917818517
893,22141014241516221772122491922253623
894,6421281999723121152413211411311117
895,2219255161124242011412087855251
896,98132182583824121041415177153723
897,2225192423235121261144243211324207
898,326222322992623264244132021161141
899,1514217512532101323170118222111423
900,1219324211052551946162109221311817
901,1472472261463149237191525410132017
902,7142222135109022881526211822204207
903,38174171321919263122626211221710417
904,8917224184191974720171217395211317
905,5131624410294149242319712227517
906,9315192571532651139114383231
907,199162391211210955126922172319251217
908,85164521114131217410282524111
909,2621238177102221751552571447
910,1131581533210626616151528101923
911,2613322174352016243516246131610757
912,191817201024102021017241780318137
913,222213513262410113261691225741110241823
914,26141092512266214243121024162696107
915,2681551134157171926514241216241423
916,21316245722181017181825311219252223
917,29461198612182521125412241323
918,202273020820218238392422571601023
919,12853741322202141141145101923623
920,166212124112152421112121425172515161217
921,62522512181186131820209315320251
922,157151081659919932218542118441
923,04795936223612618821101331117
924,253631242122505121211201941614217
925,2227871924171522121088461242261
926,17152017214591418181021518166191
927,37234217921760261316252082421417
928,19481261921910252625142418518201523
929,152124017110131632665311262211217
930,851914182421484117157321716821017
931,259819417123128101825262252119211617
932,1498318236423221111017848242371517
933,238611148202214192182520152810168717
934,14814163924228913201325212532110281
935,9252249240244914215822301421101517
936,882422128812181761162222101131
937,231239681391526491815153524441617
938,161380113501211227511032263227
939,24710152417518122230972112202323
940,913294222415125110020619122221287
941,2416121323152019422810169919925131
942,1210142122671752210152618255103171423
943,10712221891268632541719214261717231
944,5120191915716242132322172226242117
945,10251417171541610371413216121115057
946,1623812146147891821554241596201
947,255175161610171151010782610231816623
948,29226924872322020262413644171
949,252217171582121117171525222061441810191
950,134516352224172125212161717262726417
951,2025972346238811183814261215221
952,10261323144911244112123151725916123
953,7252381241425618117132594423
954,31479201753176251224262221223
955,522720120172226119102642302621
956,4161820938162318103112421731111
957,5107412132121102197206567261557
958,21410162125231626242520816822022887
959,1625151139146192011222318126212171623
960,141182521262023111513226341581523247
961,1917391814222625151319911152261442257
962,156101567526463340251010253187
963,94830192381251418188491621562423
964,25141441718682418799232021987651
965,16511167202115721175191751522021
966,5161661221179499163215913137
967,41522191918241718265231572511726891
968,16182081416112510111225610952293177
969,2326808131019351402422412323
970,711131521981232123176825151814161
971,151191416132516121388241720161217617
972,22163266822581910151064992423
973,14913614971913223391323119615237
974,18174230232111167246110761920723
975,1325104152421221141613122624236101
976,2452616103245142561412130169744101
977,17236510714902451924222522118111177
978,22642012951169114122613182117
979,2381541378241232161416151810812917
980,23103121992185102614215121115616111417
981,102042171714618113522119146152171
982,4162342568114163242512520224921
983,13190441526311252212952213259257
984,09501810151552218168952612121
985,312923255424158323313261248217
986,23244131912024102210684417262219723
987,111161191820211732062145331417281
988,232201612515216782612127212021
989,53111122617220551314952517232531623
990,25915982188202416238192691915219417
991,1413213235242182123991941118121271
992,91917241924123101061687172121623523
993,61031222132162694691625221292410717
994,2663142092672322726202110265241913187
995,22184622222383242411232424221501523
996,2517910231064324132162512477391523
997,2314261821525418231419211242009417
998,6314711155246182681291882124521223
999,26204112180141118221862322331114181923
