business_id,category_ids
692522864252313326102118701981023,"[1, 2, 3, 4, 5, 6, 7, 8, 9]"
203241818162610159925191387310023,"[10, 11, 12, 13, 4, 14, 15]"
222147861213814121618171112554187,"[16, 17, 18, 19, 20, 21, 22]"
151516192522301017172398361815237,"[23, 24]"
1659211711042305481310712323221,"[25, 26, 27, 28]"
4410201714209424311322613410191323,"[4, 29]"
20351019892514132020201369213167723,"[30, 31, 32]"
10625919192718117551922211424168223,"[33, 4]"
14371934142441191971623102445623,"[20, 34, 35, 36, 37, 38, 39]"
8312131411202315425911217424821123,"[40, 41, 24, 42, 43, 23, 20]"
81611725135441615206156029247,"[2, 44, 4]"
21632412202185666426626632287,"[4, 45, 46, 47, 2, 48]"
77358172916232076518313113131817,"[49, 50, 51, 52]"
762310191019723249182318177112723,"[4, 45, 53, 54, 55, 56, 57, 20]"
10681841422151255237325932058161,"[58, 59, 60, 61, 62, 55, 63, 64, 36, 65, 66, 67]"
142098161871381911216237881451,"[68, 55, 65]"
83182444774251825324315982519171,"[4, 20, 69]"
8242551622411501569221122241123151917,"[70, 71, 72]"
118524182625218220262103221831,"[8, 5, 73, 74]"
10751414126211821319102518891014261,"[12, 2, 4, 33, 75, 76, 77, 78, 79, 80, 8, 5, 10]"
24121216141181113017714121718110641817,"[31, 23, 81, 82, 83]"
211371910177203518244112018169157,"[84, 85, 31, 81, 83]"
173946621411121102221212524441423,"[86, 2, 4, 87, 88, 44]"
221513710151911201112323236209117,"[89, 26]"
102491913471513121515886926397,"[8, 12, 75, 4]"
19852023520235233141221121241815221323,"[90, 91, 92, 93, 94, 31, 95, 96]"
1513413201126531041521114181618219221,"[36, 20, 37, 34, 97]"
1418165131722241716236601221761517,"[5, 8, 79, 75, 4, 98]"
2018201522921222021111155841897323,"[99, 4, 10, 100, 6, 2]"
25252513582223221218162113315932318223,"[36, 101]"
10017222221711172391318261712611417,"[49, 102, 103, 51]"
422223117222461312918255192412417,"[104, 105, 106, 107, 108, 109]"
24927714261592119818623362221623,"[110, 4]"
02915107442321178412152013121717,"[22, 21, 20, 16]"
122062229241151051224611431023,"[111, 112, 55, 113, 114]"
516191162026231786813617720723,"[15, 115, 12, 11, 45, 116, 4, 117, 6]"
23417226129124111226731314111317197,"[76, 4]"
1566242131625358522589252624227,"[4, 118, 119, 116, 33, 120]"
41015121538104202414921182161619241,"[4, 121, 116]"
202551617121379122513202569202282517,"[70, 122]"
2425132421191716919266131417141723623,"[123, 124, 125]"
21632566197072217102118131616717,"[2, 126]"
31613131267241420259261920815191817,"[127, 128]"
1974264922482716101317573720237,"[129, 130, 36, 131, 70, 132, 133]"
148237151451152221513137261824251,"[125, 124, 55, 66, 134, 135]"
21819426443432187141825314517817,"[116, 4, 136]"
26861255824514211662326102517131,"[2, 4, 137, 12, 138]"
1722610891218078423319614172297,"[44, 65, 139, 140, 4, 26, 63, 141, 142]"
19192442241582319613102288144148223,"[143, 144, 70, 20, 22, 145]"
613517141326418166933216217227,"[146, 70]"
22120180813925421017226107135523,"[147, 47, 126, 148, 149, 2, 4]"
7624625725604968175192481317,"[150, 151, 152, 70, 153, 154]"
89249115315254141581124129174917,"[155, 156, 157, 158, 23, 82, 159, 160]"
2471218911826256376211623203423,"[105, 108, 104]"
92467912911122116151181226236221,"[161, 63]"
13699158231113257121202421191967207,"[4, 86, 120, 47, 2, 75]"
313531921215460171381718215151,"[4, 121]"
13532182613262316242626918180316157,"[36, 162]"
132523381495249211275161616217,"[102, 55, 51, 163, 113]"
15147121924315101031312161262137,"[164, 165, 166, 70]"
171661362654115732323991123262323,"[22, 167, 144, 21, 20, 168]"
264211418162221617952133954191047,"[157, 24, 156, 23, 160, 159, 82]"
2613125162818814421131117192372261,"[20, 169, 17, 170, 37, 18, 19]"
1520823812261216271626142216261023,"[171, 63]"
5245625103145202612267152133847,"[172, 124, 173, 26]"
2417210105312192233510132112137197,"[20, 174, 63]"
17222568020782037174111697323,"[4, 175, 47, 2, 48, 46]"
4127143122115125254149238242260151,"[176, 128]"
23211514193106284151720191473412623,"[23, 24, 26, 160]"
109014612372018262385190101261623,"[177, 4, 178]"
11217186239122248144526776657,"[22, 144, 20]"
24121112651391011762323815269867,"[22, 179, 144, 20]"
6111941513202514816113192241623923,"[26, 180, 17, 181, 20, 182, 28]"
321162121424158155143262151817,"[183, 2]"
126120123995161022169723720717,"[184, 20]"
120153211325252321062201365957,"[185, 4, 6, 26, 186, 2, 187, 188, 141, 14, 13]"
8182319219214138920152124183201,"[189, 20, 190, 191, 192, 193, 124]"
263191525211617151616681321341471,"[194, 70, 195]"
2442229666144242314415202616237,"[196, 4, 197]"
1786512184235674262105232418917,"[49, 103, 102, 51]"
9221610171571122211813182397153157,"[71, 70, 198]"
10811103168181012312113102613515172323,"[199, 26, 36, 124, 200, 141]"
320111021128423212472132067221223,"[116, 201, 4, 75]"
1016211087142318121124432648135717,"[91, 31, 202]"
3182122131214117148151322122197,"[4, 201, 75]"
81718061126201441218824132312251717,"[16, 167, 168, 203, 21, 127, 22, 128, 20]"
721231912412111201214712401720211823,"[204, 127, 31, 205, 128]"
7184111425115678458151112472417,"[126, 2]"
262382618391114192471241713992187,"[51, 102, 206, 103, 207]"
0713620512176262115724611919207201,"[83, 31, 208]"
15215118261424131614122580612177,"[209, 26]"
9161920252331532126132626258238323,"[109, 107, 104, 108]"
5517562459252111138721152524197,"[121, 4]"
1381825141262018312572314214617231417,"[210, 41, 160, 24, 23, 211, 159, 82]"
20102375219132512172524991791316917,"[2, 212, 213, 188, 214]"
121920119121122616196171218621113231,"[44, 4, 86, 2, 76]"
15614387221211148133140171419223,"[4, 44]"
6127254151320581820148171627423,"[4, 215, 45, 216, 33, 6]"
251322111383222252771311167135223,"[217, 31, 218, 219]"
21667151015423181413312225451114923,"[177, 220, 4]"
0177192216121678251525132619186222323,"[221, 23, 222]"
2253211200101591310225233147423,"[223, 5, 12, 224, 4, 8, 225, 47, 226, 61, 2, 65]"
22261415156232671022131912211181511731,"[227, 17, 180, 182, 188, 2, 228, 20]"
6171713262619215631391951181258221,"[31, 217]"
26813191416131611426182416123719423,"[160, 222, 43, 82, 221, 24, 159, 229, 124, 23, 157, 230, 172, 231, 41, 31, 232]"
253551422221717170165523210161227,"[4, 12, 116, 6, 10]"
711110201982471217201723514151,"[23, 159]"
22811131625311242614148141119236641117,"[163, 51]"
8851075179269812221721531423,"[4, 120]"
94210271112182126516862382567,"[233, 191, 192, 193, 20, 234]"
21612336253221481710263011264323,"[139, 63]"
102217172207522024426216121920201,"[31, 235, 91, 236]"
611281071611214321826221771182217,"[160, 159, 156, 23, 155]"
02024181551226111622192339175161912151,"[237, 20, 238, 36, 180]"
24191241710167138218149520217423211,"[8, 44, 12, 87, 88, 5, 76, 4]"
22195419927121732545112671915917,"[239, 105, 107, 104, 108]"
1822313186981584182642122261218121,"[70, 20, 240, 241, 242]"
13111985612211035185720232020941,"[243, 244, 65, 61, 26, 245]"
42371221251575423260426112124267,"[65, 55, 68]"
161862141416139225148310839511,"[246, 30, 31]"
6932288977161057147894201157,"[28, 26, 247, 248, 31]"
61057104251249226420121220244151,"[159, 23, 157]"
5111790799202416249128621024517,"[210, 23]"
200724121412114314425291213111061,"[51, 249]"
17246230564257228522283210717,"[250, 251, 252, 63, 8, 26, 253]"
124131112316184218192423211319221626423,"[167, 22, 21, 164, 20, 169, 17, 54, 37, 70]"
221257523191552454623663061717,"[70, 254, 255]"
42322242251897691224496132567,"[51, 102]"
5211910171601216232319228181467,"[91, 31]"
26251214222325171114211289202125191,"[4, 256]"
45247221912318182011810121510377,"[113, 257, 55]"
18121914217314517620231219241411597,"[70, 143, 258, 259, 260, 261]"
2314002313262125915162026718212320323,"[23, 156, 262, 155, 263, 158]"
9171017910422593522518198171,"[52, 51, 264]"
641013115172310762425212220324155137,"[183, 4, 13, 2]"
20135182121526180191956131181020101217,"[235, 91, 31, 236]"
1819151226141612418161026142616212457,"[120, 4, 119, 33]"
01222519141669262019136176579423,"[265, 266]"
1912171119111314165252051312412117,"[20, 140, 267, 174, 172, 65, 8, 199, 268, 124, 63]"
15164461919231023925415241412161351,"[4, 8, 120, 5, 74, 118]"
21926139916091908617167252171017,"[122, 269, 70]"
25923392121918211117315202151423723,"[270, 20, 271, 194, 241, 70]"
51058715232616122510111042011421192423,"[4, 13]"
371916431822111562315191317817131117,"[70, 198, 71]"
1611426232423212150241457172318117,"[76, 10, 44, 8, 4, 5]"
1792398423254920221025122222041,"[2, 188, 272, 273, 274]"
42524132122072481010916192319717,"[275, 276, 162, 22, 36, 70, 277, 278, 20]"
511218922619022122232110651678623,"[20, 241, 279, 271]"
220187134670242325918621201171617,"[4, 280, 121]"
823120462525241412326860128461,"[198, 71, 70]"
49225020162626151552476242023,"[223, 65, 116, 256, 4]"
35311918181892251024232012917017,"[51, 264, 52]"
822169178232191326119131720921325147,"[121, 197, 4, 281]"
1721134241220101413822132172117141623,"[71, 70, 198]"
21120244724219342424331462614517,"[23, 24]"
722514151822121724726224252482616523,"[277, 282, 70, 154]"
16920123193111721102015732626181,"[23, 81, 31, 82]"
227235861013188211322151018145222617,"[126, 33, 2, 4, 283]"
181618822881842622532012019221777,"[284, 285, 286, 31, 30]"
2611313213159147237242111246266177,"[116, 4, 2, 126, 136]"
2503014446771262381541652623,"[99, 4, 6, 75]"
649515161921232291319945119721131,"[216, 4]"
6255525255222116891421252212016197,"[102, 49, 207, 287, 51]"
121952226710213179224866331,"[288, 65, 20, 54]"
24228819010214192312122138191411131623,"[159, 157, 23, 158]"
198824811262112112222213175225121823,"[4, 33, 6]"
122512101414813167148211182618261,"[31, 289, 26, 28]"
9225169136232422724122624182471217,"[290, 291, 20]"
20721171822118261881218242231415911221,"[36, 292, 293]"
641516122316024172618211125142518211917,"[51, 294]"
712021151920268616103172513182121,"[20, 17, 295, 36, 296, 297]"
1724148207165282213262311420183251,"[65, 14, 4, 6, 61]"
76142210201237714102176620182112117,"[44, 4]"
346222120211922852251001221152367,"[70, 71, 298, 72]"
1041110512131231311796191718522101317,"[47, 299, 2, 4, 300]"
1310823181251622262647519971,"[4, 201]"
5215161262522891518236142214187,"[31, 301]"
2258120181648322178183101251019261,"[210, 194, 23, 24]"
14251712126102317240521575105192317,"[31, 302, 284, 286, 30]"
79168114242292481569523226241,"[13, 4, 223, 65, 303]"
94320814156252211952226265231711523,"[98, 4, 8, 121, 197, 281, 5, 6]"
15151024751811499172524111596181,"[156, 155, 159, 24, 23]"
725712164610138996524192914717,"[4, 14, 2, 126]"
95512216925231421011731576231423,"[4, 126, 2, 136, 116]"
748222515215127019310347191147,"[148, 2]"
1882362499135181012213515617,"[2, 126, 4, 14]"
9622113252621213225122142617,"[118, 120, 119, 4]"
2117255122419202617616122622202162151123,"[95, 31, 91]"
7710222116414104921161423832152227,"[304, 36]"
2022250819122215172081279225122423,"[36, 72, 22, 20, 71, 305, 154, 306, 70, 298]"
11102942209162031431881811111561,"[2, 307, 186, 20, 17, 241, 22, 21]"
121518920201081622291826191541824252617,"[23, 159]"
96421111121113917141472321719131317,"[103, 51, 206]"
1825201262610110323271551181514717,"[308, 55]"
232017165243151422208319269211119617,"[121, 4]"
62221717211112299211816221256237,"[44, 4, 6, 45, 12]"
8211422265453112412372212357,"[31, 284, 309, 286, 30, 285]"
78101941226836181924171524952521,"[51, 102]"
104210258202342569041127423137,"[70, 151]"
2214321265102614811917512142315857,"[4, 12, 33, 310, 11, 46, 2, 10]"
121017265252022216114142442131823,"[4, 110]"
62611822251620752012151017616701,"[55, 68, 57, 65]"
922091313201310162692511513186271,"[74, 11, 45, 4, 5, 8, 33, 6]"
311011101917152611192510252891519177,"[213, 274, 188, 183, 2, 120, 4]"
126141651691239142441415226219923,"[296, 17, 295, 20, 311]"
5245221726526641825213411414171,"[31, 312, 96, 91]"
724151571261272244232276418137,"[31, 32, 91, 236, 30]"
2223102011826323711701116211217,"[286, 30, 31, 284]"
12258144624821120121815583116337,"[4, 226, 313, 2, 314, 315, 87]"
1213211975123824186521641,"[103, 206, 51, 36, 207, 316]"
12149117103157172611419185231927,"[174, 63, 20, 187]"
121157219211513267448819142612227,"[102, 317, 51]"
6101838151323170167265258915523,"[76, 318, 8, 10, 5, 4, 11]"
1192369136191512817201301615157,"[319, 320, 63, 65, 321, 26]"
16541326321708251912320242431717,"[36, 293, 292]"
232622431512192122161326256104207232323,"[20, 22, 322]"
25825924393564202471110187,"[223, 256, 4, 65]"
7241425152124921686688119187,"[294, 51]"
19151822022723221417311225513825181223,"[91, 301, 323, 31]"
41701452125232121419725121141719617,"[31, 284, 246, 30, 285, 286, 324]"
41110851742210211562124211523181061423,"[51, 102]"
138223262483217151921411721542217,"[55, 308]"
11141091114259201813211143141217,"[4, 110]"
242661175141112204621262221861523,"[4, 120]"
1248891126181224146121722915811023,"[51, 207, 325, 102]"
625012178415910321207252113141707,"[326, 327, 328, 4]"
162691314194225499787421281523,"[329, 183, 2, 4, 188, 186, 213]"
182611121168195825242362524122110023,"[51, 103, 207, 49, 102]"
12255662211191514166251531571757,"[77, 78, 2]"
6173248212111131217221942666221,"[23, 24]"
2181920163167519217181892591617,"[105, 104, 107, 108]"
2116251863211531151013324812323,"[198, 70, 71]"
51415112552124261326262620211419217,"[2, 186]"
19901862371163221519242181723,"[76, 5, 318, 4, 8, 65, 61, 2, 188]"
212619513221491831818142212014206261,"[130, 70]"
471019441416152212332521182598317,"[4, 330, 2, 256, 226, 283, 75]"
91926122519205142510251641135242091017,"[81, 23, 31, 82, 232]"
22170202174252415128391881845261,"[36, 304]"
21351922169562322819261991324161217,"[331, 71, 194, 70, 198]"
2121610212268861226242211592523,"[4, 2, 226, 120]"
616162111112192663107218101640257,"[23, 159, 24, 160, 332, 20, 82]"
141943210251226122276162520261551717,"[221, 158, 23, 230, 333, 157, 222, 31]"
16164910262312232176203112145811023,"[4, 136, 116]"
3921197462118215142641652517,"[159, 334, 157, 23]"
5185481382324222268472081237,"[226, 2]"
322222423688842516613614134181,"[133, 36]"
12151815315532302678261391312017,"[45, 8, 33, 4, 5, 65, 6, 223]"
724152578151213521152023285242412157,"[13, 4]"
141361672921424424361018232323,"[22, 21, 17, 18, 19, 20, 335, 170, 31]"
621478181441922126245181811719171,"[336, 36, 194]"
1732261121145252253923182892221,"[56, 20, 337, 17, 295, 37, 338, 54]"
21917420101251318236261022532251,"[51, 325]"
18107813201041214714240132310225227,"[20, 17, 169, 295, 181]"
92223123137602626101142017231017,"[24, 41, 40, 20, 332, 23]"
11582142319312519821020410523,"[126, 116, 4, 2, 136]"
5917202168521206142232121314723,"[128, 176]"
21111393911722106519201311024181467,"[136, 201, 4, 6]"
52614313232313171218962121313711102023,"[180, 20, 339, 26, 237]"
6222021211219239893071782212623,"[24, 210, 23, 159]"
79152111119615221422208112826142523,"[23, 24]"
55820743251321241815615179411417,"[128, 194, 340, 341, 342]"
142616161591162551941217112120917,"[44, 4]"
2014011176426182619841111171161423,"[8, 343, 5, 344, 345]"
61931611251939182335251417231521223,"[36, 34, 20, 35, 37, 39, 97]"
2324011101432671286151525141895247,"[210, 23, 24]"
221225252518621252020724161617127,"[23, 24]"
23971722162142523171591516202221023,"[198, 71, 70]"
142432516924129726202413261918311717,"[200, 346, 36]"
13231724261018114217176210711313523,"[45, 5, 4, 318, 8]"
0923313423222123597161117202581,"[347, 20, 31, 348, 349]"
14712135581026922258262126151410423,"[20, 350, 351, 291, 352]"
181374232616073266691323813177,"[154, 143, 164, 70]"
37132019150191721321681724241123117,"[23, 41, 24, 332, 20]"
613261891910178324716323141677,"[4, 29]"
2437687211912423255124261925197,"[70, 353, 36, 278]"
1617168104234212547133108192166211,"[336, 36]"
191724519135171126191810241481123,"[70, 162, 275, 36]"
126122010131623217726122325224381,"[65, 354, 355, 356, 357, 194, 358]"
571161322152378251861541721202423,"[359, 315, 4, 314, 12]"
261971172217265141525213223114250417,"[23, 159]"
1251731118152013187615822517,"[2, 77, 78, 4, 116, 44, 80]"
196111814960222217741321523195212417,"[103, 51, 360, 102]"
161925251826191010837224161286819717,"[242, 36, 20, 361, 240, 70]"
14782019232442452526111261925221118251,"[4, 12, 11, 13, 2, 148]"
451382125137746181817823520167,"[20, 288, 54]"
515141376151032515247164101845197,"[2, 116, 121, 4]"
1416110237322620925120221719423,"[126, 2, 362, 4, 363]"
6431158112119106202619489248151417,"[137, 136, 4, 12]"
60142515512161610165238461982323,"[364, 14, 2, 126, 4]"
542372481161225119181191816131419267,"[103, 206, 51]"
11117734149212622117244134123,"[68, 65, 55]"
58023176912232356131025151342151023,"[108, 104, 105]"
8822122110152424251251119619114423,"[126, 46, 33, 2, 4]"
0142182025232412251646152110261910917,"[23, 365, 167, 20, 22, 189, 191, 192, 193]"
24676891172532618822502416187,"[51, 49, 102, 20, 366, 103]"
12322181161347204131425316141231957,"[20, 17, 295, 367, 18, 19, 368]"
293181286152141010121581113971223,"[4, 136, 116]"
01012197268111217111426317167,"[369, 36, 370, 361]"
22414203219141117485524184120167,"[103, 102, 49, 51]"
2417115853229111371311739916181,"[371, 79, 5, 8, 4, 98]"
31476178910021124132451617,"[70, 36, 275, 194]"
122121201815261520171571822131241641,"[2, 283, 33, 4, 126]"
22425477132245161215216652323,"[5, 79, 8]"
1185221197681811212126252522132217,"[207, 102, 51, 325, 372, 360]"
4976102215123142122113262072231,"[44, 4, 76]"
261723151623267992319512232020131426423,"[188, 2, 212]"
367161211154251619321165718222227,"[12, 4, 45, 76, 44]"
171023721165241610132622171144256181,"[136, 4, 116]"
131615131392231671432321169202117,"[26, 373]"
1218382222514242251018925678041,"[295, 169, 181, 17, 20]"
251420137554115131920178313251523,"[23, 24, 43, 16, 17, 18, 19, 20]"
2288201517196121823141161172417831417,"[23, 159]"
25112525192325214112524892172014221,"[91, 202, 374, 31]"
5319182622414205261723920201111717,"[95, 91, 31]"
36101912126255251713208142717,"[17, 36, 295, 375, 101, 20]"
112197181715252617180185101821519223,"[33, 45, 6, 4, 216, 215]"
31142191116512172556240211891361,"[4, 126, 14, 2, 376]"
23221224162323612131826324913216237,"[76, 4, 44]"
2031852561591821461321526021312187,"[5, 4, 12, 6, 79, 377, 8]"
316111114216281720623202712262011223,"[187, 55, 58]"
12614382312022514122211613541191,"[174, 20, 187, 63, 23, 24]"
12961816286242521172316142020741,"[70, 22, 20, 164, 21, 167]"
441516242282614172823223222223531,"[378, 31, 335, 91]"
151892512281152251919261625212322123,"[379, 36]"
1081286932319522563226573517,"[51, 70, 102, 207, 380, 381, 382]"
910241222417231192232231213242423101,"[116, 6, 4]"
42637655223311261310614123423,"[126, 4, 116, 136, 2]"
2123815512748774157223112325723,"[128, 176]"
102956242222314121615101812514201,"[333, 23, 91, 383, 157, 384, 156, 31]"
241157561514123110625132421119221417,"[31, 248, 81, 83, 84]"
2322121291106116235215211516518251,"[4, 44, 12, 201]"
1220281611152220224251923118268131623,"[350, 20]"
8519181142222263072657387222223,"[71, 198, 70]"
53814117137861132322960422417,"[70, 305, 385, 386, 151]"
10348191111423241625623251058111123,"[91, 333, 246, 384, 30, 23, 31]"
625424152510578215913818171971157,"[4, 44]"
25192011191928181116179261411824211523,"[160, 210, 387, 24, 23]"
552457214251010411173241020822823,"[76, 4]"
5261682423109125191214920131521227,"[159, 160, 24, 23, 82]"
13251914187152118915730524171611211,"[5, 388, 8, 14, 4, 389]"
212020175159410316791282216823,"[51, 102]"
932557312519112232012516216251,"[390, 70]"
3320131117102419208262101491323187,"[391, 288, 54, 20, 22]"
21526223241419624141119311263969323,"[288, 20, 54]"
6514151416211517422317161213109121,"[4, 75]"
25191887162122922241178220151112181,"[23, 157, 374, 383, 31, 392, 333, 156]"
1420718612623264212326202124914017,"[65, 355, 356, 357]"
1113592013202431111020109132315131291,"[36, 70, 130, 393, 20, 129, 132]"
8237237224111492212245221216241,"[26, 25, 28, 394, 289, 395]"
11162101114132072217401451386717,"[124, 31, 125, 84, 396, 91]"
5915221247114225716111513191247137,"[159, 23]"
5451015810891522228113131123182117,"[2, 116, 4, 126, 136]"
92671314918173861141819711723267,"[374, 31, 397, 398, 399]"
14418622715414614242211113256231,"[8, 136, 5, 7, 4, 45]"
209526115172661732425159620126247,"[400, 51]"
172251422141022318201137142524222223,"[71, 70, 198]"
204242590991813111731033414117197,"[264, 51, 52]"
61864916226182622611424742331417,"[120, 4, 313, 326, 2, 226]"
22222354174122249261722614191,"[20, 155, 23, 24, 332, 156]"
16110741226187616918111537517,"[77, 78, 2]"
22192519961510720151051552611,"[55, 61, 65, 68]"
191881756222161941212648071,"[138, 14, 120, 15, 4, 45, 2, 115, 10]"
251413219872215744210144617112117,"[401, 13, 4, 20, 186, 2]"
1912713123132121819721701119231113823,"[4, 177]"
5221824202024151224506152416172102517,"[20, 301, 402, 403, 31]"
10251526137212211021101501823233162123,"[55, 404, 113]"
1221113208181823232256111916116917,"[275, 70]"
2042054926916185111140161212423,"[329, 405, 4]"
16012124861181715618111803194241,"[136, 45, 116, 4, 2]"
34882656121117161771418861523,"[406, 194, 398, 407, 31]"
16237617251414217222526235625242121623,"[20, 307, 296, 408, 169, 181, 17]"
22010192421852255171726151266521917,"[24, 23]"
12231487233621024174825243215281,"[409, 66, 55, 410, 62]"
31125252261372411712514425265927,"[70, 154]"
19161202010161164325031135822111,"[70, 411, 188, 187, 2, 254, 412, 63, 413, 167, 414, 22, 415, 272, 20]"
425164112145610542116222451621123,"[44, 4]"
81831621412236268818998236151,"[2, 214, 120, 188, 4]"
195518132252310319161524933117317,"[36, 37, 97, 184, 34, 20]"
214194421718231941113272532221,"[5, 4, 45, 6, 74, 8]"
582058472133133822421425142123,"[66, 416]"
14953616526512643910225823,"[136, 362, 4]"
978186147761270111262562641,"[387, 24, 23, 210, 43]"
1210623139411854818182223761,"[103, 51, 417, 102]"
24256133254112633911249951161,"[98, 99, 280, 197, 4]"
23120219589620124112617021210197,"[136, 4, 126, 116, 2]"
23112625231417121921262537122523,"[23, 210]"
11258141711416118182203201370201,"[23, 159]"
546222267595417618982252114417,"[418, 70, 20, 419, 420, 22]"
192621122071611729142131726117,"[369, 361, 370, 36]"
92215616214468423262211081361223,"[26, 25, 28, 395, 421, 20]"
7717831115226118614910316342217,"[51, 287, 49, 102]"
164232319562425101618838182194697,"[220, 12, 4]"
6271519215920181526724261052421417,"[46, 2]"
9283207361725222424265524720151223,"[2, 186]"
2432524020670811924912134151227,"[108, 422]"
1911191382025220234312061761226323,"[26, 28, 395, 25, 394]"
57311120710231317612614212532141623,"[4, 186, 120, 188, 2]"
12124201512242243151311236139157,"[338, 20, 2, 77, 78]"
3121613259937261718762581410424187,"[223, 65, 77, 78, 186, 2, 423, 188, 228]"
129424215560255441111312151713123,"[22, 20, 144]"
1981511842110452142617167201457,"[24, 41, 23, 424, 42, 43]"
911719152226124135251583371,"[425, 426, 70, 71, 298]"
202026149171414192414410418236182391,"[276, 22, 168, 167, 20]"
42277142162343222223872381423,"[4, 2, 186, 13, 427, 31]"
1767818516151387240471921211213923,"[428, 337, 20, 2, 338]"
18111718710482311251761272361272207,"[46, 147, 47, 2]"
132677571221721196191925193170201,"[26, 429, 430, 431, 432]"
0196112209932012048197218211,"[263, 424, 23, 230]"
19161215251918313181321825015817,"[51, 102]"
6417135409511857912127257,"[314, 87, 4, 359]"
1686322259742240109726182211323,"[20, 203]"
917214121074262666161517262016427,"[4, 76, 44]"
212122247268610102523420718191718171,"[2, 4, 283, 126]"
222615243141732325021102452221126211,"[81, 23, 82, 31]"
1151375411182420193151619571825623,"[37, 63, 20, 22, 167, 21, 16, 174]"
2090223242219212492315221144261212623,"[51, 325]"
2141117141316132081036182015023102411,"[51, 294, 102, 433]"
232551222212619208521171072692010121,"[59, 63]"
204640516112112361122162424161,"[33, 434, 4, 329, 280]"
4819191182312321101132421752123,"[4, 120, 2, 119, 148, 75, 12]"
2511262018010232571092131972287217,"[341, 128, 435, 66]"
18101919141632145902071152413251917,"[23, 43, 424, 24, 65, 140]"
733922152519221021197122561,"[2, 318, 5, 46, 47, 8, 188, 436]"
994218246111126212523712683597,"[54, 351, 56, 20, 350]"
18261613118514814818542088761157,"[437, 4]"
21112032318152214130628269177423,"[438, 403, 17, 182, 20, 180]"
5201517201621718159291468161323132117,"[439, 109, 107, 108, 104]"
2124211024115456431471714710126823,"[26, 28, 395, 25]"
15188162052427485237171471523131,"[14, 6, 4, 33]"
2617028258158171919266523812118723,"[46, 126, 20, 2]"
2655431241071242201261112241,"[36, 129, 130, 132, 70]"
10962512209557192671911118611217,"[2, 47]"
113742231321210420212489131743167,"[188, 272, 412, 2]"
21671114213212219223192224243127,"[20, 69]"
1662019137441510517101426163164817,"[141, 251, 61, 124, 26, 320, 172, 440, 65, 139, 63]"
9101891603102120322189671341417,"[371, 441, 4, 8, 318, 5]"
1518112523711131491411623221218121023,"[330, 4, 33, 12, 6, 256]"
191014139392511471819258181482601723,"[45, 8, 5, 442, 4]"
712189517520221812094222042217,"[98, 197, 4]"
215117523121613167242413512201,"[63, 443]"
930201001391017162225242172632001,"[4, 2, 215, 33, 126]"
0182502411241812525126351141971,"[108, 439, 106, 104, 105]"
106688151531725122921231531617,"[2, 126, 363]"
61890147116591414824916111925137,"[126, 120, 4, 2, 46]"
11205995219622325161534923617,"[293, 36, 444, 292]"
121977313137182323715178181323,"[23, 24]"
23225210623232050216762023131,"[180, 445, 20, 17, 438, 182]"
416816101681325104022202113317261,"[403, 31, 301, 20]"
26252332211189111281681325171324117,"[116, 13, 10, 12, 11, 4]"
1721414135221720522116871862351123,"[70, 198, 71]"
202019101072161411222510164577917,"[6, 4, 136]"
33151411115221672322261416171920177,"[23, 210, 24]"
5232661371152381615249121810301723,"[31, 401, 20, 2, 427, 186]"
12191441722223126581252581108201823,"[70, 446]"
165265112141117182328811110201,"[65, 14, 2, 46, 223, 47, 126, 4, 12]"
132314125212092011210181862423519717,"[62, 65, 66, 61, 187]"
311131820177496520155722167117,"[51, 207]"
86914312101419981579251724207,"[2, 48, 65, 46, 47, 147, 223]"
251115111756201862118617121686320017,"[24, 23]"
91245824253131242015318141921711,"[167, 20, 22, 21, 447]"
832266346255216118355161618617,"[70, 198, 71]"
918116412251856263151682216117,"[49, 50, 51, 103, 207, 102]"
101271621124269101324222223197,"[20, 424, 24, 367, 23]"
921291253102342076261620101238141,"[14, 4, 13, 12]"
2526712217191997121214116192281777,"[143, 282, 154, 36, 70, 448]"
1315816212037123192162563611123,"[28, 395, 222, 23, 26, 25]"
61516191526251724133225722211762517257,"[128, 176]"
10220221821741526161171420372121,"[104, 449, 26, 107, 108]"
82572270121796103631332822123,"[30, 31, 286, 32, 284]"
72612181524192162513422817192221331123,"[14, 126, 4, 2]"
175222422489561261562014161124317,"[120, 4]"
4618710222268841122271016211747,"[332, 23, 157, 20]"
26442216232231321132018591192025131,"[20, 17, 170, 18, 19]"
620138231561346117192251114125157,"[324, 286, 284, 30, 31]"
20948928262112212242098195861417,"[188, 2, 148, 450, 126, 47]"
20551414231806204921542180188217,"[4, 120]"
22118163101235114171884124127,"[70, 36, 451, 336, 452, 453]"
81825154263562020781117211924197,"[31, 309]"
141362421217165119222052421399751,"[31, 83]"
17239277526201591120923919847,"[51, 102]"
1120211491319261871213222722312141121,"[104, 108, 107, 105, 439]"
9102112172262115171391626162211120227,"[31, 401, 20]"
141422246163256102434926913232387,"[31, 398]"
2010320752581042414251431024314187,"[5, 2, 4, 77, 78, 8, 76, 318, 79]"
2690813193911431189222163317,"[176, 128]"
52332181721919255815379915181,"[8, 224, 454, 4, 6, 5, 442, 63, 74]"
13169176173131361531219212922167,"[159, 23, 158]"
17121221227325821071625219161251723,"[4, 116, 33, 119, 120, 118]"
1513320205202111084342082192261,"[455, 187, 2, 63]"
114212078198251721317323311917,"[158, 23, 156, 155, 157]"
2591311111231181921221514519193261,"[2, 7, 5, 9, 76, 61, 65, 44, 4, 456, 8]"
4211786261112221515915918136221317,"[26, 28, 25, 395, 31, 208, 457, 27]"
651612015101985912269142624268517,"[20, 458, 459, 63, 460, 22, 23, 461, 332]"
18202693411662677191420189317,"[118, 4, 119, 8, 5, 120]"
211316719103162152457183111718923,"[121, 4, 116]"
5904326192151022332133921112117,"[202, 31, 91]"
62114822018319323232113132124221,"[434, 2, 76, 226, 136, 4]"
618611228231522326227451319526211717,"[82, 23, 332, 31, 232, 81, 20]"
1922141320215104982176352595261,"[17, 168, 167, 22, 462, 460, 20, 295, 169, 69, 21]"
9102411310141011522711151411425161,"[463, 2, 14, 364, 126, 4]"
624219171721531117141213261517,"[20, 36, 464, 38]"
24161217265161792332622221122821217,"[23, 159]"
20204917111212212112210626251411517,"[120, 4]"
124122342142325211920112141222423,"[121, 4]"
1082110191182882611171112410202251,"[70, 298, 71, 465, 72]"
1911515411119914191049173812217231,"[159, 23]"
62671710317181492143255114115241323,"[466, 26, 467, 89]"
26142618919571319227118236198117,"[5, 74, 8, 15, 6, 4]"
1110131224122414926179284610625161,"[102, 51]"
181221254918614171189202132499517,"[65, 63, 455, 187, 2]"
12155791002024238424122260134237,"[26, 289, 28]"
26924172593191815121191910521127,"[21, 20, 22]"
161865141262512102381216962407,"[24, 23]"
171618725924526871819342278877,"[68, 65, 55]"
1952434610901248192642421205237,"[158, 155, 156, 23, 159]"
2614103176194231512638272223251,"[254, 468, 36, 70, 255]"
31212111862192522020221582699123,"[176, 128, 71, 469, 70, 470]"
77108215206619206015223162423,"[36, 237, 238, 20, 180]"
2617182115351025372422221814252817,"[318, 4, 5, 8, 188, 47, 2, 327]"
1001121591531721591542411110457,"[55, 65, 68]"
62019114254620252128312932011523,"[471, 4, 110, 121]"
2051467263102477132227921217,"[23, 383, 333, 91, 384, 157, 472, 156, 31]"
62117524112321492518241981516959157,"[79, 4, 5, 437, 8]"
51722210258922263112491723716423,"[104, 84, 108, 31, 422]"
15201912319886126224922997,"[65, 68, 55]"
1322315616181661320171212237261823,"[197, 4, 98]"
3786110189127612102111621415423,"[198, 70, 71]"
261518161622162317247261241312114201,"[280, 121, 4]"
2661181571671717162671461961069323,"[393, 20, 36, 194, 316, 70, 130]"
02226206718266171722214323182123917,"[194, 154, 70, 473, 22, 165, 164, 145, 20, 474, 475, 168]"
1651391619168101921161672516231591023,"[51, 382, 70, 476]"
26926419222221247828391486201,"[127, 128, 477, 478]"
201492411701011185219238249269197,"[265, 266]"
1025291790242051920782415436191017,"[136, 4]"
981422822142411193151126612821817,"[70, 198, 71]"
171919236162101813258261920171217,"[167, 322, 22, 21, 20]"
358191558421142627071711249417,"[292, 444, 293, 101, 36]"
11623811271254262151979310811131,"[479, 36, 20, 480, 16]"
12213719261381162620216331319261111,"[169, 194, 101, 20, 36, 295, 17]"
1671662312626815482520363212202123,"[80, 10, 44, 4]"
121913252023482221012421141372112517,"[6, 388, 5, 4, 8]"
2315724141123121739517202211226917,"[4, 87]"
251014221572012245132318218123317,"[51, 52]"
1810161226920325217815171024901617917,"[412, 188, 212, 2, 213]"
8261525881413162591871710204171237,"[4, 2, 197, 98, 75]"
8171912192161875141313221112232722223,"[322, 21, 22, 20, 167]"
2215182417814181612132181781231420167,"[51, 207]"
251815319162072075119626321891617,"[31, 284, 286, 30, 32, 302]"
5222236313151316373161611161791621,"[4, 303]"
152171851822011248181661526325117,"[77, 78, 2]"
18816101112610101012697015622251,"[4, 120]"
86771819213551346222410423,"[87, 314, 4, 481]"
2322141020825155111825239101614827,"[83, 28, 26, 289, 31, 208]"
916141061210618318102610621371261,"[201, 4, 116, 6]"
13871695266131421717172395119101,"[346, 194, 36]"
23318324466126117152238011512323,"[8, 482, 2, 5, 79, 483, 63, 388]"
146926141993223215152159147161,"[37, 20]"
232620615222741491723209981122591,"[23, 43, 210, 24, 387]"
1410417810353101245122481762520823,"[23, 159]"
27221512018201322268113218183191931,"[124, 200, 484, 36]"
023521151731825121108851841241,"[36, 101]"
23219310215121121594622620925237,"[283, 2, 126, 4]"
108816259227152153110143177523,"[4, 8, 45, 5, 1]"
4431315262254516165920317148191,"[121, 4]"
14222381219993217269267381467,"[31, 92, 395, 91, 26, 28]"
2629232172610212682315262211141472201,"[55, 485, 486, 113, 487]"
2219181782247218716551214262211231017,"[107, 104, 108]"
253242608207117618915101777117,"[2, 126]"
51766152100482530910525221772323,"[488, 51, 360, 325]"
62109121141119131011138121101910581,"[489, 20, 167, 70, 282, 154, 195, 22, 452, 490]"
2517148218181218723929211992371,"[271, 369, 491, 370, 492, 20, 361, 233, 36, 241, 191, 192, 193, 493]"
885320125492614249231469024207,"[23, 222]"
84151621491672318211422514785241723,"[2, 20, 56, 186, 31, 288, 427, 401, 54]"
272107631619192623120487131941,"[157, 156, 23]"
26269238139202317138158141611105917,"[33, 12, 4, 2, 6, 126]"
1018620842511022281614112572431117,"[339, 55, 26, 113, 494]"
16212141351549813921038165667,"[2, 77, 78]"
119821718123142242013191424156251023,"[198, 70, 71]"
11121913215217417261221202672132051,"[6, 4]"
1976966961123112313102622819947,"[71, 198, 70]"
716862126111422162016567251121823,"[288, 495, 54, 65, 20]"
5161491324242132381384831811251277,"[23, 210]"
1610912224134718181224106102615217,"[128, 341, 496, 497, 194]"
232225313311612182274324111916201317,"[23, 159]"
9211131111192622242426202618142657,"[128, 176]"
19222179776132610117122220521612241,"[24, 23, 157]"
197218221394562025211657221217,"[33, 120, 116, 10, 4]"
2025812672361374992011191171997,"[55, 308]"
1080714336153871911268627923,"[4, 136, 80, 6]"
82202617310453718241021723162011,"[498, 70, 194]"
279258912410141555262031817557,"[4, 120, 100, 2, 119, 226]"
24129917132222622162520219198204823,"[5, 454, 8, 224, 63, 4]"
11772621814212891831726162117,"[2, 20, 401, 186]"
2111192317342010135221914102522252021,"[308, 55, 51, 102, 294, 325, 207]"
18926132511519162619258816851401417,"[47, 363, 2, 126]"
191386231311021118526116164515152217,"[44, 4]"
91214106122461422625251321114520217,"[55, 113]"
12141762480695124696622225717,"[254, 70]"
5315358182192531232525181826923,"[152, 70, 151]"
7481731917242523222116164221812242407,"[24, 23]"
96326252312150526421915842277,"[26, 252]"
19838324311112410514169116169211823,"[31, 30, 246, 284, 32, 285, 286, 324]"
2426461003620616923196114378923,"[5, 9, 2, 456, 224, 8]"
10223215211261381371819212311722617,"[17, 169, 20, 181]"
1519249158251731712615112171674251317,"[180, 445, 26, 499, 124, 500, 20, 172]"
1811251022102222474248217172016137,"[120, 4]"
1684141431831722251671012720157423,"[30, 284, 31, 286, 324]"
12102168162110201612128132121477,"[338, 77, 78, 20, 2]"
20813221714814101923222423121531017,"[23, 43, 160, 157, 24]"
2312221272023856121111423486187,"[136, 116, 4]"
9210821675714233145232110243261,"[23, 221, 332, 20, 222]"
1011961710412231512181305742311147,"[2, 46, 31, 186, 427]"
23318118123141252622672192061223,"[113, 55, 485, 487]"
12219615244201422721222371221820917,"[252, 26]"
2424201214142034128122135268217201,"[231, 84, 31]"
11151519481613197232620212075864223,"[172, 20, 199, 351, 63, 124, 350, 267, 174, 65, 56, 140, 54]"
201418371825211211851681114751931017,"[374, 31]"
163741518235261714152415210721717,"[68, 65, 4, 14, 8, 55, 5]"
16962171918231422186224261820157,"[71, 298, 70]"
2222124252421451521825202417547,"[370, 36]"
1623202610202125229314582026420161,"[36, 20, 501, 502]"
1809108592619101625201251415182317,"[159, 155, 23, 157, 158, 156]"
247242619382611322118116520222023,"[4, 5, 503, 2, 224, 6, 8, 504]"
41817203914815323122532461961511,"[23, 24]"
621272081314022012072218217417,"[505, 2]"
26124125209211141710121087152661823,"[159, 23, 24]"
1962439199319264188956121014423,"[357, 65]"
041722711123158201493625101,"[23, 81, 31, 232, 160]"
161122207139242612193210152426192221623,"[506, 79, 5, 8, 4, 256]"
1222224717112812242126261718212317261923,"[36, 507, 20, 508]"
184121646962015191712206611713201,"[280, 197, 98, 4]"
17261377320259222231662125372517123,"[22, 322, 20, 21]"
71631466231011225221822817781,"[30, 286, 31, 302, 284]"
15192236211201013871718971689241,"[284, 31, 286, 285, 30]"
1262411413186173132415211313103111,"[318, 5, 388, 8]"
961610128198622611736110314231817,"[70, 254, 255, 194, 275]"
22320614189121466815221220191711211623,"[20, 509, 297, 36, 510, 350]"
2915151624912116142022121423317121237,"[20, 237, 180]"
0942866716271426171431651017,"[444, 293, 292, 36]"
171852310261226611193127231202251,"[116, 4, 121]"
182517184131916861432096162441231,"[396, 91, 398, 81, 31, 83, 84]"
81423222361482415181561549213217523,"[403, 31, 301, 20]"
25642620213171424521122101915211,"[23, 295, 20, 210, 296, 17]"
23891252162642043310191812242217,"[14, 4, 388, 8, 2, 126, 5]"
1121671818810242498252613131671712223,"[126, 47, 2, 363]"
23221082723151125118677111417,"[307, 511, 108, 65, 22, 20, 350, 56, 460, 106, 54, 17]"
113222652010139172648261114232611497,"[74, 9, 8, 224, 2, 5]"
191525181322152021781511191461515717,"[51, 163, 102]"
42131017182013553115186711211471917,"[17, 296, 295, 20, 36, 297]"
171746149251121232325199162191721201023,"[512, 267, 513, 63, 36, 26, 20, 172, 101, 350, 124]"
2318112104201022224617342246147,"[81, 31, 514, 82, 515, 406, 26, 194, 23, 289, 28]"
1222191220212610151722242318115426121,"[30, 284, 286, 31]"
0412120102118819892014324141691,"[403, 301, 31, 20]"
52119428182325111919106102670181691,"[20, 516, 180, 438, 26, 517]"
1207171122820326312231120212112517,"[4, 121]"
41323161292115001109206912144423,"[452, 70]"
7151316621202318823116265616657,"[20, 169, 17, 295]"
141512621121120262420207141673217,"[36, 513, 518, 124, 25, 200, 66, 26, 484, 28]"
911119926258735202152501647623,"[519, 289, 26, 28]"
122620252420311182621252410222524802517,"[2, 126]"
112107227251425142348134211226118723,"[31, 286, 32, 284, 30]"
125821515814425242479107148258237,"[2, 3, 8, 9]"
12019567121920142167161161317,"[71, 425, 70]"
211012131712121101071024207711184207,"[307, 17, 20]"
980171613131110141101322181011267,"[4, 2, 121, 46]"
4251428244272012219249262412161,"[76, 44, 4]"
68202310426632217181419525132523,"[47, 148, 2, 226]"
14920264238121613419525312109221,"[104, 108, 109, 439, 105, 107]"
0311119232741991119261713181434117,"[520, 28, 26]"
12242102316726115624520173242217,"[20, 403, 301, 31]"
251722019690223242213111321451217,"[23, 159]"
31919331357226712131196232123,"[2, 126]"
25101813246851852098142212231232391,"[521, 23]"
99912186231328962236815624961,"[156, 24, 157, 23]"
104351163171117242252413139197257,"[28, 395, 31, 457, 25, 248, 81, 26]"
25164520261961613214922262222216127,"[20, 170]"
172441414801022951961626591867,"[65, 426, 72, 194, 298, 71, 70, 61, 522]"
252011410815323192632502426114710617,"[31, 202, 91]"
235782614259161022221142042581,"[70, 282]"
8221324522122417351618831716251867,"[20, 36, 124, 523, 172, 524, 525]"
5420257254921210228520126411,"[424, 23, 24]"
4320125222346482578101517121823,"[156, 155, 157, 82, 424, 158, 159, 23]"
6311186179192591431682511101325391,"[233, 234, 63, 20, 191, 192, 193]"
201101792219131725138231715201484107,"[526, 159, 23]"
1417211047118992172320251942113217,"[289, 28, 26]"
713231421152013231587252424337,"[55, 113, 257, 487]"
60253132299201024252224132111918131,"[122, 70, 36, 145]"
21132413745226152423138061152523,"[527, 194, 521, 20, 174, 23, 63]"
251123221716269212297586781181,"[126, 4, 2]"
169202125320914141318334413391,"[84, 81, 231, 31]"
715728219110711702182022431123,"[65, 55, 68]"
8216412520824101072115251312823,"[452, 70]"
168222141116172243262511133865917,"[2, 86, 47, 148, 46]"
523942661376222318221318142014197,"[386, 70, 277, 528, 529, 154]"
20264191966916671210717711217,"[2, 436, 450, 148, 188, 47]"
266512215121632268245242628161131,"[51, 264, 52]"
18241612205122421131823522141796187,"[101, 36]"
511816414220763258151592323161017,"[4, 224, 6, 8, 5]"
118311135171191541924813220237207,"[51, 249]"
1032419141524201176124195723101941817,"[371, 2, 77, 78, 1, 136, 6, 4]"
2023120260810221041119212241610221,"[4, 121]"
8181214010132113266178178201141717,"[23, 526, 159]"
2310101101823216268314116431016941,"[4, 226, 314, 530, 531, 2]"
18134212212192417114230920206201,"[66, 435]"
1217368823115122140825261812417,"[43, 424, 82, 387, 41, 23, 156, 155, 332, 42, 20, 24]"
202072115914107201441323161523112717,"[70, 195]"
915415491111516175611191521217,"[532, 533]"
20152111518358914111818164231715197,"[23, 159]"
8525153618419185723112524211,"[82, 289, 81, 31, 28, 26, 23]"
2933796181917246316202122211015207,"[126, 2, 364]"
025020231112614201415233217262612152423,"[384, 157, 91, 534, 23, 31]"
202313188319202117971554601911,"[226, 2]"
1122925172032036263421162032610961,"[158, 82, 156, 23, 160, 383, 157]"
817162315232625115261924207192319221323,"[2, 126, 283]"
12159199531817216182182626132427,"[223, 100, 4, 65, 256]"
991891821616251825255121423251721231,"[325, 207, 102, 51]"
2372259188207253101061810202523,"[31, 81, 82, 23]"
15816413152415143224410015512517,"[5, 8, 344]"
922182116142159861625416116197,"[23, 159]"
631192180181271167017226178907,"[31, 30, 286, 284]"
22164221314159121762096132621623131017,"[47, 2, 45, 4, 46, 33]"
3245697512122423159272191951,"[70, 71, 198]"
310184147252321262126516161213978121,"[45, 216, 6, 33, 4, 434, 47, 2, 136]"
18167261026199316155161013902121,"[374, 31]"
1323426172245133232221323244191323,"[119, 120, 4]"
19425211521261017918212251918206177,"[26, 535, 536, 124, 172, 28]"
425511061916513120151991252231031,"[36, 342, 194, 340, 537, 128]"
8142541822141017910121417176414252617,"[4, 197, 98]"
181340314961722171184821222113417,"[126, 2, 283]"
264551251017023261195102026102524917,"[159, 23, 157]"
171478020260211817181122212747,"[116, 4, 12]"
065292674111331425416181251323,"[95, 31, 91]"
1924221711513121220895012720231,"[285, 30, 286, 31]"
1311957715511118111141316419513187,"[4, 359, 223, 15, 110, 65]"
72247118251021605212151735132111,"[353, 538, 70, 154]"
23381915151710541421525215361102217,"[4, 299, 14]"
232131322201316201416112191414171611717,"[357, 355, 65, 356]"
1016142061323135150251755641131317,"[44, 2, 10, 4, 223, 86, 12, 65]"
391423102241416951169768515157,"[401, 20]"
14269261423572425072514262119520221423,"[4, 13, 12]"
841398114928618744920881397,"[539, 31, 398]"
2513255201232032023191226242015317131017,"[7, 5, 8, 79]"
38127242226107925252343235217147,"[63, 298, 70, 174, 20, 71]"
18265135921617257104316127176823,"[2, 46, 4]"
1724252411511131718216721816231161,"[370, 369, 361, 36]"
1513310151717422632518101616916201,"[103, 294, 102, 433, 51, 207]"
2422452516191921772193172625257,"[4, 318, 5, 76, 44, 8]"
1323912153616173201742512183317,"[4, 45, 12, 5, 2, 8, 65, 77, 78, 61, 224]"
169151272885206222252319196347,"[55, 8, 2, 5, 7, 9, 58, 540]"
12372520214142010414414125138717,"[27, 395, 394, 25, 28, 26]"
26251111191151011644228221195267,"[36, 369, 370, 20, 379, 464, 508]"
17519248811202581520136611202417,"[350, 541, 20]"
91415618422523565777139211112227,"[55, 308]"
23223143222024207041801916317123,"[4, 120, 116]"
133225206268192452428141710311151,"[4, 44]"
816175411032392626511142209313261,"[17, 20, 182, 295, 169, 180, 542]"
2711232117161371425211491617221217,"[331, 61, 69, 410, 68, 20, 55, 194, 65]"
414518167131659173181617715697,"[91, 31, 92, 95]"
162220192151534243253181722212017,"[36, 101]"
2405061447541072118457201717,"[70, 418, 420, 22, 419, 20, 154]"
89216145919411561318128216137,"[466, 26]"
7932619025375272632625232424111,"[8, 5, 4, 6]"
2122911721113151934914510262321131917,"[350, 543, 20, 37, 541, 291, 351]"
182225810146382612672520277133823,"[237, 26, 238, 339, 180, 20, 36]"
1192041839326122290239102220211323,"[144, 22, 20, 179, 391]"
02191513151526145123317617671017,"[91, 544, 31, 96]"
21161152451756601820241311206267,"[8, 12, 44, 5, 4]"
232011191121217122620151510125198007,"[55, 65, 68]"
161721173151331233171418207992061,"[62, 66]"
1261741122026132250915524111996177,"[23, 222, 43, 41, 24, 424]"
71210249112364191325711787226187,"[6, 61, 45, 65, 8, 4, 5, 74]"
4424614128024243121410115101641,"[370, 36, 545, 546, 369, 20]"
129195121914236244141240619218423,"[70, 195]"
12252592082411208118241942121261017,"[329, 4]"
1231235291023811382125262215111,"[14, 376, 126, 2, 4]"
4171913231014223162623494101315181517,"[159, 155, 23, 156, 158]"
55261891498201513139121261151023,"[155, 23, 156, 159, 157]"
29165825661251420817172411625917,"[547, 70]"
62521142102610178142118221916254188241,"[63, 61, 65, 161]"
13105539252581332552129175917,"[45, 8, 4, 136, 5, 79]"
316147216209624172421425723,"[24, 23, 210]"
194201571921922172166615315715497,"[63, 124, 199, 268]"
818134325252512010131122416253151,"[101, 36]"
6142611252441916713211311625231815817,"[140, 63, 548, 549, 26, 430, 55, 8, 550, 58, 65, 454]"
1622916116126221821499991524757,"[159, 23]"
731413231922122011088415211861547,"[476, 305, 36, 551, 194, 70, 306]"
5182214171623761424204931198924127,"[70, 305, 551, 194]"
32015147518717153106121825291337,"[126, 2, 47, 46]"
1317131619243211926221326112321371,"[522, 70, 71]"
1817314132214212412162341321151041,"[2, 283, 126]"
824368291680194151092018119212323,"[30, 31, 246, 284]"
981214102161714810242439103142223,"[226, 2, 4, 120]"
432182391102324221168651971118923,"[121, 4]"
10442519161725623242238241471991023,"[4, 313, 120]"
9618224722264161822218738141517,"[62, 187, 76, 66, 4]"
24252517462411102425248153242613187,"[17, 20, 295]"
12022843118241112192238712317121,"[207, 552, 102, 51]"
16182361015107961632111101925260181023,"[294, 51, 102, 264]"
16181820826264176633121025762617,"[68, 61, 55, 57, 65]"
7831164260126534792013261323,"[36, 316]"
9125151525234142011051319191416111871,"[159, 158, 156, 23, 155]"
111788239111301825116613132101,"[86, 4, 201, 44, 2, 76]"
4126151420524226131926201211152117,"[286, 30, 284, 31]"
82457231810897137313241898171797,"[86, 80, 2, 471, 121, 8, 318, 4, 197, 5, 47, 110, 280, 15]"
41375365842414918894742123,"[2, 45, 553, 5, 4, 8, 33, 126, 79]"
7251821253510418188258202613517,"[136, 86, 4, 2]"
17032425136171221225612116125222317,"[554, 379, 537, 508, 36]"
1571272584118612081611191817,"[55, 68, 65]"
1916471719171226302520102359161,"[2, 46]"
15211010263301458370181080191617,"[4, 44]"
11318184910266125870148111422252123,"[66, 416]"
2611772221115321432101351225001,"[180, 237, 182, 20, 438, 17]"
795264025624131591696141417106251,"[239, 106, 108]"
2326461868925661461710135625757,"[4, 313, 555, 315, 116]"
2120131119261138815262112117722317,"[4, 120]"
551117232617161572315762414120617,"[13, 12, 2, 136, 4]"
20251018165187100581110424121523,"[207, 51]"
823182611511410232116683151341512231,"[201, 4, 76, 44]"
0824142361411722151310101719517421723,"[197, 98, 121, 4]"
24261182171423216101841631225291,"[55, 65, 68]"
184082217203221224922381622814167,"[288, 54, 20]"
12326112416241221511693712524137,"[65, 26, 139, 252, 556, 63, 140, 251, 557]"
31124611622132424313753162320523,"[72, 71, 70]"
182119111614226720115021951524244623,"[2, 249, 183, 51]"
1917114249215257212222614610182117,"[177, 4, 2]"
2420211382242842023512923666723,"[409, 65, 55, 68, 61, 57]"
423232223261519591354122414245137,"[57, 55, 558]"
1917242626372522111714231011691951823,"[6, 136, 45, 75, 4]"
2052424154121923236614206751923,"[254, 70]"
2021161223120724131757621625146177,"[70, 260, 22, 143, 145, 20]"
1011214215179155172602682325767,"[102, 51, 249]"
20132219232241841456510231718162021,"[318, 8, 4, 65, 223, 76, 5]"
234102329132825125152237262517,"[559, 5, 4, 8, 318, 326, 79]"
417228613181581316513011108351281,"[102, 51, 49, 103]"
213618125221716620522324122326718267,"[183, 51, 249, 2]"
11292124291322131942218221901226147,"[20, 31, 403, 301]"
52324917142432451251112292057,"[154, 70]"
92407124414526315126325723269257,"[560, 443, 63, 124, 26, 199, 141, 513, 140, 172, 65]"
161342261623207148710251511311191,"[20, 22, 322, 21]"
82420518772615503144210126917,"[28, 32, 31, 26, 324, 30, 395]"
11199252201323226324146111712091123,"[180, 20, 28, 182, 181, 26, 395, 17]"
227566111423710193262525131612526221,"[2, 126, 4]"
861631330141814691119131823,"[82, 23, 31, 156, 157, 155, 334, 81, 158]"
2596101512132621250236102241625410241,"[5, 343, 8]"
282322398412491325191681292111101,"[399, 378, 31, 374, 397]"
11162513101301615221410811216619152317,"[336, 36]"
9520109261924123203152013172396197,"[236, 93, 91, 84, 31]"
71814792846972411223152261024217,"[75, 4, 6]"
820192132525151495201625815225171941,"[26, 252]"
316423113131614221820211249209926123,"[17, 296, 561, 20]"
10262823301753117144201613201923111,"[104, 108, 109, 107, 439]"
620321972274652149172019572157,"[182, 295, 180, 296, 20, 17]"
2836881022411182171510119594101,"[20, 562]"
267182621782411261832414141215717,"[51, 102, 249, 49, 103]"
2221852131717101021231722251352111,"[20, 37]"
23231216194214571129269112618167,"[22, 20, 391]"
2610926132162517714168146122026623,"[4, 120, 13]"
11002467242316101422261241078191817,"[20, 37]"
78160162592072082157121923,"[36, 563, 70, 446]"
101131803622134769221362092412723,"[389, 8, 5]"
204165821011422221212579132113131,"[487, 485, 55, 113]"
102324142229892534589101261491923,"[59, 63]"
112120252418239191112412116515264023,"[564, 124, 484, 565]"
13362326517510111025273238817191,"[33, 410, 434, 10, 6, 4, 55]"
3715221714241612162364721116269091,"[31, 23, 333, 157, 81]"
12201203132332122461074111719123723,"[228, 20, 25, 26, 227, 28, 188, 2]"
2178131013139251231026418518257,"[91, 31, 286, 246, 30]"
129201725135114812155522915721923,"[44, 4, 201, 12]"
5211277262641688522535819167,"[28, 457, 26, 31, 289]"
2231610625141611612522232139151717,"[22, 391, 20]"
10324921179811142421202125110241310211,"[28, 285, 31, 26, 286, 30, 324, 32, 395]"
61365616452423215171396257117217,"[439, 108, 104]"
32073171917624666656122721291,"[36, 70, 305, 551, 194]"
10108717515132321221151510214615201817,"[23, 424, 24, 43]"
19245820635141522020712113191322221,"[325, 51]"
1181023539231111141815917232462117,"[2, 136, 126, 116, 4]"
4921182236342512519418217121157,"[159, 23]"
25105106188186132616132412208961017,"[30, 31]"
02413535102015925920125212442217,"[70, 498]"
68911916191317261994453862225917,"[293, 444, 36, 292]"
2526121014155211311187102316298222517,"[113, 55, 111]"
21576259121171522241541321851117,"[23, 230, 527, 521]"
12141922162331132610172318176131912523,"[102, 103, 51, 249]"
116225161151024117152381179261937,"[31, 23, 333, 157]"
1910520202301437810143242422261717,"[17, 20, 295, 169]"
2183211126243241121813111922191941,"[31, 91, 93]"
10222052322248642122441742641323,"[20, 65, 288, 54, 566]"
52024212018231251452041319125217811,"[370, 51, 276, 22, 241, 567, 36, 20, 546]"
221156047420010241217124172101,"[23, 159, 156]"
171742615141219916201261021418222323,"[2, 283]"
26602112171617615122524876193127,"[23, 159]"
191227101542221118261415236252617,"[303, 4]"
572617542218251111251154202517167,"[335, 568, 31, 217, 398]"
9613318852091218179187102210217,"[4, 119, 120, 118]"
7413192312101220514176513410231517,"[569, 70, 570, 36, 390]"
6154614430101921142317181826424167,"[82, 424, 160, 157, 23]"
16172221257261437202319101682547,"[306, 36, 70]"
221492132172691661243238901331,"[271, 20]"
5417122271919181910772612251262617,"[136, 4, 1, 45]"
21921372455811451319101315117223,"[4, 226, 223, 571, 280, 65, 2]"
26942019314711726261311261769182117,"[2, 332, 20, 401, 23, 183]"
65821051632122720232312721911221,"[121, 2, 4, 188]"
231988438242421116596201562101,"[367, 17, 495, 65, 20, 561]"
9711112092317923851622026115851,"[409, 70, 71, 68, 572, 65, 198, 55]"
3234111072610217615124324252824251,"[128, 176]"
420172422417231241817161902561323,"[23, 160, 157, 82]"
12521423320222210915271682223,"[23, 156, 155, 157]"
01652564221915261223414201023491,"[4, 303]"
5317108233105511619526622811,"[33, 4, 79, 5, 8, 75]"
13923483105222102221324316102011,"[2, 14, 148, 4]"
11252513222515172383422152681224247,"[2, 126]"
25201151544242161126612910132431,"[223, 75, 61, 573, 4, 65, 574]"
2051952619163232569274212262511187,"[28, 26, 395, 31, 378]"
26319312110138661862326876151223,"[160, 159, 23, 156, 526, 232, 31, 155]"
9702638514252222522251520217174131,"[75, 4]"
1210522262561810711712125161857,"[20, 17, 169, 375]"
61221212814782082118241122815217,"[241, 22, 17, 20, 307, 21]"
17161426241371613132165414147111281,"[20, 367, 295, 17]"
3192118123411141026891116161711323,"[198, 71, 70]"
3910826824251418924211103851923,"[22, 21, 167, 295, 17, 169, 37, 54, 56, 20]"
129162241718842024203122511617137,"[159, 23, 24]"
261319262123715482282318264111619423,"[26, 55, 187, 58, 548, 550, 65, 430]"
24418141125232230194211218217142516517,"[44, 4, 6, 12]"
722015201124222214233222523810823,"[20, 271, 279, 370, 36, 575]"
1421791212513231516241321252239217,"[152, 132, 305, 36, 306, 70, 551, 576, 194]"
84596261217221423418151282221319117,"[316, 36]"
1601918252424181241131942121124261,"[2, 126]"
148155191121421816184177631168117,"[326, 4, 178, 177]"
241313419142420263775124411261651,"[577, 578, 298, 355, 579, 357, 65, 55, 58, 70, 580, 194, 60, 71]"
53691715262712616170316221021323,"[20, 350, 581]"
8556134117121925151515102082312223,"[409, 71, 55, 70, 572, 198]"
42083715101961616148118121274232323,"[121, 11, 4, 571, 98]"
136181320172418251612181622262527217,"[51, 163, 102, 317]"
26141814246912112162641111472018207,"[2, 272]"
65231031032352211638214923181623,"[4, 201, 44, 76]"
2216151112829211222425102191917,"[37, 332, 23, 140, 20, 169, 65, 40, 17]"
11512209261124824271331825614623,"[26, 582]"
14241201834174146424916411657,"[20, 186, 241, 2, 17, 401, 307, 22, 21]"
10221421614420924224218132239159181,"[214, 75, 188, 124, 4, 583, 280, 98, 584, 585, 586, 587, 140, 20, 2, 212, 172, 350, 65, 223]"
231720113161722223102361975202114277,"[93, 31, 95, 91, 374]"
23415237212425251913641591717261517,"[140, 23, 588, 424, 65, 589]"
1013252259893813651323881717,"[24, 43, 23]"
1724107112348957171316236885191817,"[103, 49, 51, 102]"
126420185241181327852615118191,"[159, 160, 155, 156, 158, 23]"
1714117212510919314251412102318141,"[124, 565, 36, 484, 200]"
8191361111643618131822127162161217,"[230, 424, 263, 23, 158, 157, 210, 521]"
177653423251811256141641122161,"[4, 197, 98]"
161799241826182016525107791215223,"[51, 49, 102, 103]"
2184221162145238182112252126235317,"[23, 159]"
152522141321181513772710521217,"[12, 4, 118, 33, 120]"
242082411658191481622132313525197,"[23, 41, 24]"
513101511201192371371710212197814323,"[45, 4]"
8191326126204221769212520251891187,"[466, 26, 590]"
174261819119020191220915111322422111,"[326, 120, 4, 118]"
31481782471013151556161517822102517,"[591, 90, 91, 202, 31]"
521512245222022121614125226113122617,"[4, 76]"
8111021721232562617132410022416131137,"[168, 20, 22]"
2117221519721614251941319232614613241,"[55, 5, 57, 8]"
1424101821111816482025524182025252651,"[51, 49, 50, 102]"
181713914112591015131311242641851237,"[200, 395, 592, 26, 28, 25, 36]"
18910061116267410222326112341581723,"[22, 17, 307, 20, 167]"
418172111810121921132639601224152617,"[4, 303, 29, 405, 138, 2, 363]"
41951962326133213175452240169267,"[4, 44, 76]"
1233417624819192686201025014237,"[31, 374, 593, 202, 91]"
171221417201792521526231825258162823,"[124, 125]"
6244252232661212135191610161711623,"[4, 46, 115, 2, 15]"
2146175619717157317132051882018323,"[4, 20, 121, 22, 391]"
5471023721264264134421396131223,"[156, 81, 157, 155, 23, 31, 160]"
3239861315581096725224724231123,"[275, 70, 36]"
1771516413425101171592413141233217,"[168, 70, 22, 144, 594, 20, 145, 143]"
72081116649319114859751421523,"[453, 452, 154, 70, 254]"
1332513493108912722232325231837,"[364, 126, 2]"
72626141513633187111810618171267,"[54, 288, 20]"
19311518422182553815261142422972223,"[4, 126, 188, 2, 14, 595]"
242441131712107710991517242517467,"[22, 20, 276, 36, 101, 162]"
81613246335225326208313111511221,"[246, 30, 286, 31, 302, 324, 284]"
42412191422103225212621683311915261,"[120, 33, 4]"
714218102121912621221371670131423,"[126, 2]"
115189618176332619142223151115127,"[395, 596, 28, 25, 26]"
85221617191081919201323121717184256517,"[44, 76, 4]"
12771212118321391813426101242217,"[2, 55, 4, 57, 100, 597, 65, 68, 23, 409, 160]"
114414201701134762611183512157,"[30, 31, 284, 286, 285]"
41911971031341323231101101410741,"[12, 116, 4, 13, 120]"
19236722626024161426679416172482417,"[422, 108]"
26112349221812116192476221417101,"[44, 4]"
11625585201526291320227201113362317,"[83, 31, 81]"
22641381031583125177222379131107,"[4, 326]"
8242217181419132613141895182211723,"[102, 51]"
1012152413813192319152192051956111,"[5, 45, 4, 8]"
52218711024220261622114122224221423,"[100, 598, 4]"
817112165199713926109221422182423,"[132, 316, 55, 194, 36, 129, 130, 70, 113]"
844611091626311173141632115171,"[2, 310]"
2014255111522871591351617222612191,"[284, 31, 30, 286, 285]"
35192161415189079146238419142101,"[147, 48, 436, 595, 46, 188, 2, 175]"
113136721523162221026417174132517,"[33, 215, 12, 4]"
8110522164162118182669812104236623,"[63, 174, 20]"
142012165129208111539249721746517,"[273, 188, 274, 2]"
222114151122624713210925231712204131,"[65, 495, 223, 2, 86]"
