user_id,position_id,company_id,rating
1,11,9,1
2,16,9,1
3,19,9,1
4,25,9,1
5,16,9,1
6,16,36,1
7,16,42,1
8,16,45,1
9,16,16,1
10,61,51,1
11,63,36,1
12,16,56,1
13,16,58,1
14,16,61,1
15,16,67,1
16,16,74,1
17,16,16,1
18,16,9,1
19,16,87,1
20,70,93,1
21,59,96,1
22,16,74,1
23,16,99,1
24,16,74,1
25,16,9,1
26,16,9,1
27,16,9,1
28,160,126,1
29,16,9,1
30,16,14,1
31,16,9,1
32,16,139,1
33,16,74,1
34,16,74,1
35,16,16,1
36,34,9,1
37,16,16,1
38,16,9,1
39,221,169,1
40,16,9,1
41,16,9,1
42,34,16,1
43,59,9,1
44,16,191,1
45,16,9,1
46,16,74,1
47,16,201,1
48,16,204,1
49,16,208,1
50,16,16,1
51,16,204,1
52,16,16,1
53,16,183,1
54,16,223,1
55,16,226,1
56,234,182,1
57,16,234,1
58,19,156,1
59,234,191,1
60,16,243,1
61,59,245,1
62,200,252,1
63,16,260,1
64,16,268,1
65,34,16,1
66,16,74,1
67,16,132,1
68,16,291,1
69,16,36,1
70,16,298,1
71,16,74,1
72,16,74,1
73,34,74,1
74,147,74,1
75,34,9,1
76,147,9,1
77,16,320,1
78,240,188,1
79,16,327,1
80,59,329,1
81,234,187,1
82,16,208,1
83,16,191,1
84,468,36,1
85,16,74,1
86,16,345,1
87,16,349,1
88,16,16,1
89,59,355,1
90,16,74,1
91,334,362,1
92,16,364,1
93,16,74,1
94,59,373,1
95,59,374,1
96,71,381,1
97,16,74,1
98,16,36,1
99,540,226,1
100,16,355,1
101,16,169,1
102,16,93,1
103,59,404,1
104,16,390,1
105,577,93,1
106,16,36,1
107,16,183,1
108,589,420,1
109,70,93,1
110,599,425,1
111,34,9,1
112,16,435,1
113,70,93,1
114,619,204,1
115,147,9,1
116,59,9,1
117,16,454,1
118,16,459,1
119,16,16,1
120,661,469,1
121,667,93,1
122,59,474,1
123,16,191,1
124,16,74,1
125,202,191,1
126,16,74,1
127,16,191,1
128,59,367,1
129,16,316,1
130,16,518,1
131,16,521,1
132,16,528,1
133,758,532,1
134,612,74,1
135,771,9,1
136,16,547,1
137,16,554,1
138,612,559,1
139,16,14,1
140,16,562,1
141,16,191,1
142,442,573,1
143,16,36,1
144,16,36,1
145,16,58,1
146,16,590,1
147,16,328,1
148,619,597,1
149,34,74,1
150,871,603,1
151,16,191,1
152,748,614,1
153,16,36,1
154,900,628,1
155,16,632,1
156,917,637,1
157,927,186,1
158,16,650,1
159,210,657,1
160,16,253,1
161,234,666,1
162,16,36,1
163,16,674,1
164,251,196,1
165,34,62,1
166,16,690,1
167,16,694,1
168,34,74,1
169,1011,706,1
170,16,339,1
171,16,715,1
172,59,316,1
173,16,723,1
174,16,74,1
175,16,248,1
176,295,191,1
177,16,734,1
178,16,736,1
179,16,745,1
180,16,583,1
181,16,401,1
182,59,201,1
183,59,231,1
184,16,763,1
185,16,36,1
186,1119,58,1
187,16,776,1
188,16,781,1
189,16,156,1
190,16,36,1
191,59,791,1
192,16,796,1
193,16,799,1
194,16,74,1
195,16,185,1
196,16,36,1
197,16,815,1
198,16,156,1
199,1195,823,1
200,16,826,1
201,16,316,1
202,1222,841,1
203,16,191,1
204,16,317,1
205,1235,848,1
206,16,191,1
207,16,862,1
208,16,866,1
209,334,870,1
210,16,475,1
211,1284,16,1
212,16,223,1
213,16,892,1
214,234,898,1
215,16,902,1
216,16,58,1
217,1315,98,1
218,549,300,1
219,147,9,1
220,16,920,1
221,16,928,1
222,1357,936,1
223,16,940,1
224,16,190,1
225,16,317,1
226,131,552,1
227,59,962,1
228,234,970,1
229,16,16,1
230,16,191,1
231,1422,268,1
232,16,989,1
233,1441,996,1
234,16,999,1
235,59,1008,1
236,16,1013,1
237,59,376,1
238,59,1028,1
239,758,1041,1
240,59,1051,1
241,16,1057,1
242,70,1066,1
243,16,1074,1
244,19,1085,1
245,1222,1095,1
246,19,327,1
247,16,1100,1
248,1573,1101,1
249,16,367,1
250,59,191,1
251,45,32,1
252,1600,1121,1
253,16,1125,1
254,16,1130,1
255,16,1144,1
256,16,1149,1
257,16,36,1
258,16,1157,1
259,16,190,1
260,1222,1149,1
261,16,88,1
262,234,1181,1
263,61,300,1
264,1702,1195,1
265,1718,300,1
266,16,1221,1
267,16,1223,1
268,16,132,1
269,1750,1233,1
270,16,191,1
271,19,1251,1
272,16,88,1
273,16,1261,1
274,59,16,1
275,16,14,1
276,16,58,1
277,16,36,1
278,59,1287,1
279,16,1301,1
280,16,1308,1
281,549,1313,1
282,758,58,1
283,1863,1324,1
284,16,1331,1
285,16,183,1
286,16,94,1
287,147,1348,1
288,1222,1353,1
289,1928,1365,1
290,16,1373,1
291,16,108,1
292,1001,552,1
293,16,1390,1
294,59,1394,1
295,200,191,1
296,334,187,1
297,16,1416,1
298,2002,1419,1
299,147,1429,1
300,2020,187,1
301,2026,557,1
302,2033,1440,1
303,772,1252,1
304,619,1451,1
305,16,74,1
306,16,1463,1
307,59,562,1
308,2084,986,1
309,59,1485,1
310,2108,1490,1
311,1037,1493,1
312,16,1496,1
313,334,1503,1
314,1764,1505,1
315,59,1514,1
316,59,317,1
317,957,667,1
318,16,83,1
319,16,1532,1
320,16,191,1
321,59,376,1
322,16,887,1
323,59,1490,1
324,2195,1553,1
325,147,1558,1
326,59,1565,1
327,16,423,1
328,16,191,1
329,375,236,1
330,772,1588,1
331,16,191,1
332,59,1490,1
333,2262,183,1
334,2269,1605,1
335,16,791,1
336,59,873,1
337,16,1612,1
338,2006,1620,1
339,19,1625,1
340,59,1630,1
341,16,317,1
342,758,58,1
343,16,1640,1
344,59,36,1
345,19,16,1
346,59,316,1
347,2361,1656,1
348,16,1666,1
349,71,1672,1
350,16,582,1
351,16,36,1
352,77,206,1
353,71,1688,1
354,16,1700,1
355,2422,1707,1
356,2425,583,1
357,234,190,1
358,16,1722,1
359,2458,191,1
360,2463,1738,1
361,59,474,1
362,2482,1756,1
363,16,1760,1
364,2497,1765,1
365,16,1070,1
366,2515,435,1
367,202,1781,1
368,16,1783,1
369,19,1331,1
370,16,36,1
371,59,36,1
372,16,9,1
373,2561,1804,1
374,2567,1808,1
375,16,236,1
376,2591,74,1
377,2602,1834,1
378,2613,1840,1
379,2622,405,1
380,16,1850,1
381,34,74,1
382,2640,815,1
383,16,866,1
384,59,1870,1
385,16,36,1
386,16,1878,1
387,2679,1884,1
388,2681,1886,1
389,2684,1889,1
390,2576,1894,1
391,2696,1898,1
392,2710,1907,1
393,133,104,1
394,2729,521,1
395,16,758,1
396,59,1669,1
397,16,1932,1
398,16,36,1
399,16,36,1
400,16,1947,1
401,16,1952,1
402,59,317,1
403,16,36,1
404,16,128,1
405,2805,1974,1
406,59,1978,1
407,2815,108,1
408,16,1983,1
409,619,792,1
410,234,1987,1
411,147,9,1
412,16,1995,1
413,16,816,1
414,2843,1999,1
415,147,1496,1
416,1423,2003,1
417,16,1496,1
418,772,2015,1
419,16,615,1
420,16,1496,1
421,59,2028,1
422,16,191,1
423,16,2042,1
424,16,94,1
425,16,2048,1
426,2929,1784,1
427,758,1087,1
428,2940,198,1
429,16,9,1
430,16,74,1
431,2957,182,1
432,2965,187,1
433,59,2077,1
434,1070,367,1
435,59,2086,1
436,16,2094,1
437,3016,2102,1
438,16,368,1
439,16,2121,1
440,3042,2123,1
441,3050,1496,1
442,147,327,1
443,16,2135,1
444,3069,2136,1
445,773,9,1
446,2554,1748,1
447,16,191,1
448,2576,190,1
449,133,300,1
450,16,1150,1
451,59,1289,1
452,3115,2169,1
453,619,2173,1
454,59,2177,1
455,71,2180,1
456,3135,58,1
457,16,14,1
458,3147,2191,1
459,240,187,1
460,84,9,1
461,16,316,1
462,16,74,1
463,16,2204,1
464,16,74,1
465,2287,2218,1
466,16,36,1
467,3213,2232,1
468,2480,187,1
469,16,2239,1
470,16,2251,1
471,147,9,1
472,3254,2263,1
473,16,2267,1
474,3269,2273,1
475,59,36,1
476,3289,327,1
477,3297,2286,1
478,3305,2291,1
479,70,93,1
480,3325,2305,1
481,3330,2308,1
482,16,16,1
483,59,83,1
484,3353,2325,1
485,16,226,1
486,3366,2333,1
487,19,2339,1
488,3381,2341,1
489,111,2345,0
490,16,36,1
491,3389,931,1
492,3392,2350,1
493,3395,2353,1
494,16,2357,1
495,3407,2364,1
496,1928,2368,1
497,3415,2369,1
498,3422,2373,0
499,16,108,1
500,16,2376,1
501,16,2382,1
502,16,1368,1
503,3458,2400,1
504,3463,74,1
505,16,191,1
506,59,2412,1
507,19,16,1
508,2066,175,1
509,16,2430,1
510,3222,2436,0
511,16,2437,1
512,3508,1876,1
513,3511,2442,1
514,3516,74,1
515,404,187,1
516,3527,94,1
517,3534,2456,1
518,3538,2459,1
519,3542,2463,1
520,3552,74,1
521,3560,93,1
522,619,2479,1
523,38,84,1
524,16,1421,1
525,59,191,1
526,19,1252,1
527,16,94,1
528,3598,93,1
529,334,2497,1
530,1048,187,1
531,3617,2508,1
532,3629,317,1
533,3632,236,1
534,16,815,1
535,3657,508,1
536,16,58,1
537,3669,2539,1
538,59,36,1
539,403,168,1
540,16,187,1
541,3695,93,1
542,16,2555,1
543,34,9,1
544,59,2566,1
545,16,2572,1
546,234,190,1
547,59,2581,1
548,619,2590,1
549,3755,2597,1
550,2087,289,1
551,200,2609,1
552,16,2613,1
553,3785,128,1
554,19,1496,1
555,16,2625,1
556,1157,2632,1
557,234,191,1
558,3834,2645,1
559,3844,561,1
560,3849,2654,1
561,2215,2660,1
562,3877,2674,1
563,16,58,1
564,59,1070,1
565,3897,2684,1
566,16,2430,1
567,3920,2697,1
568,1195,2703,1
569,410,172,1
570,1390,2328,1
571,3965,334,1
572,153,2741,1
573,1671,552,1
574,3989,2751,1
575,3995,2755,1
576,4001,1490,1
577,4007,2761,1
578,234,2766,0
579,16,2767,1
580,16,9,1
581,927,2776,1
582,3109,190,1
583,4039,2779,1
584,742,185,1
585,623,2800,1
586,4082,2810,1
587,1284,183,1
588,4095,1847,1
589,16,2822,1
590,4111,2834,1
591,4115,2838,1
592,16,9,1
593,153,2847,1
594,3361,9,1
595,16,317,1
596,4147,2860,1
597,4149,2861,1
598,227,128,1
599,1070,2872,1
600,71,2129,0
601,927,2877,1
602,16,2881,1
603,2576,2884,1
604,4190,2888,1
605,16,2891,1
606,16,61,1
607,71,14,1
608,4209,2900,1
609,4214,2903,1
610,71,2572,1
611,2567,2912,1
612,2896,1625,1
613,4245,168,1
614,4251,2919,1
615,65,9,1
616,4084,2931,1
617,623,1421,1
618,16,817,1
619,16,2949,1
620,4302,2952,1
621,16,2955,1
622,16,14,1
623,4322,94,1
624,1282,330,1
625,227,2973,1
626,4350,2978,1
627,16,866,1
628,619,2984,1
629,4367,2990,1
630,4371,1785,1
631,16,815,1
632,4378,9,1
633,276,2998,1
634,4396,187,1
635,70,3005,1
636,623,447,1
637,3362,3016,1
638,417,3021,1
639,4428,2710,1
640,559,3032,1
641,4446,3035,1
642,2576,76,1
643,4457,3041,1
644,2527,236,1
645,4475,3052,0
646,4476,182,1
647,16,248,1
648,4494,3066,1
649,4498,1952,1
650,4502,187,1
651,4510,3076,1
652,144,3081,1
653,4520,226,1
654,4527,618,1
655,4532,74,1
656,4540,3096,1
657,4548,237,1
658,4555,74,1
659,4565,3108,1
660,38,979,1
661,334,3116,1
662,623,3120,1
663,16,2029,1
664,4587,3122,1
665,2463,2496,1
666,623,183,1
667,4606,191,1
668,4615,3140,1
669,16,3146,1
670,623,3155,1
671,240,187,1
672,4646,3162,1
673,4659,3171,1
674,4665,62,1
675,45,98,1
676,4309,3185,1
677,2576,3188,1
678,1037,3192,1
679,59,3198,1
680,4703,3204,1
681,4723,3221,1
682,4729,3225,1
683,19,9,1
684,4749,9,1
685,4755,3238,1
686,4766,3249,1
687,62,74,1
688,4780,74,1
689,19,3260,1
690,16,9,1
691,16,9,1
692,19,9,1
693,19,9,1
694,4807,9,1
695,16,9,1
696,16,9,1
697,16,9,1
698,16,9,1
699,16,9,1
700,16,9,1
701,16,9,1
702,16,9,1
703,16,9,1
704,16,9,1
705,16,9,1
706,16,9,1
707,16,9,1
708,19,9,1
709,16,9,1
710,16,9,1
711,19,9,1
712,16,9,1
713,16,9,1
714,19,9,1
715,16,9,1
716,19,9,1
717,406,9,1
718,19,9,1
719,16,9,1
720,16,9,1
721,16,9,1
722,16,9,1
723,16,9,1
724,16,9,1
725,16,9,1
726,16,9,1
727,70,93,1
728,59,74,1
729,16,9,1
730,16,9,1
731,16,9,1
732,16,9,1
733,16,9,1
734,16,9,1
735,16,9,1
736,16,9,1
737,16,9,1
738,16,9,1
739,16,9,1
740,16,9,1
741,16,9,1
742,16,9,1
743,16,9,1
744,16,9,1
745,16,9,1
746,16,74,1
747,16,9,1
748,16,9,1
749,16,9,1
750,16,9,1
751,16,9,1
752,16,9,1
753,16,9,1
754,16,9,1
755,16,9,1
756,16,9,1
757,16,9,1
758,16,9,1
759,16,9,1
760,16,9,1
761,16,9,1
762,16,9,1
763,16,9,1
764,16,9,1
765,16,9,1
766,16,9,1
767,16,9,1
768,16,9,1
769,16,9,1
770,16,9,1
771,16,9,1
772,16,9,1
773,16,9,1
774,16,9,1
775,16,9,1
776,59,9,1
777,16,9,1
778,16,9,1
779,16,9,1
780,16,9,1
781,16,9,1
782,16,191,1
783,16,9,1
784,16,9,1
785,16,9,1
786,16,9,1
787,16,9,1
788,16,3466,1
789,16,9,1
790,16,9,1
791,19,9,1
792,16,9,1
793,16,9,1
794,16,9,1
795,16,9,1
796,16,9,1
797,772,9,1
798,16,9,1
799,16,9,1
800,16,9,1
801,16,9,1
802,16,9,1
803,19,9,1
804,16,9,1
805,16,9,1
806,16,9,1
807,16,9,1
808,16,9,1
809,16,9,1
810,16,9,1
811,19,9,1
812,16,9,1
813,16,9,1
814,16,9,1
815,16,9,1
816,16,9,1
817,16,16,1
818,16,9,1
819,16,9,1
820,16,9,1
821,59,9,1
822,16,9,1
823,147,9,1
824,16,9,1
825,16,9,1
826,16,9,1
827,19,9,1
828,16,9,1
829,16,9,1
830,16,9,1
831,16,9,1
832,16,9,1
833,406,9,1
834,16,9,1
835,16,9,1
836,16,9,1
837,16,9,1
838,16,9,1
839,16,9,1
840,16,9,1
841,16,9,1
842,16,9,1
843,16,9,1
844,16,9,1
845,16,9,1
846,16,300,1
847,16,9,1
848,16,9,1
849,19,9,1
850,34,9,1
851,16,9,1
852,16,9,1
853,16,9,1
854,19,9,1
855,16,9,1
856,16,9,1
857,16,9,1
858,19,9,1
859,16,9,1
860,16,9,1
861,16,9,1
862,16,9,1
863,19,9,1
864,16,74,1
865,16,9,1
866,16,9,1
867,16,9,1
868,19,9,1
869,19,9,1
870,16,9,1
871,16,139,1
872,5448,9,1
873,16,9,1
874,19,9,1
875,16,9,1
876,16,9,1
877,16,9,1
878,16,9,1
879,16,9,1
880,16,9,1
881,16,9,1
882,16,9,1
883,16,9,1
884,16,74,1
885,16,9,1
886,16,9,1
887,16,9,1
888,16,9,1
889,16,9,1
890,70,93,1
891,16,9,1
892,16,9,1
893,16,9,1
894,16,9,1
895,406,9,1
896,19,9,1
897,16,9,1
898,16,9,1
899,16,9,1
900,16,9,1
901,19,9,1
902,16,9,1
903,16,9,1
904,16,9,1
905,16,9,1
906,16,9,1
907,16,9,1
908,16,9,1
909,16,9,1
910,16,74,1
911,16,9,1
912,16,9,1
913,16,9,1
914,16,9,1
915,147,9,1
916,16,9,1
917,16,9,1
918,16,9,1
919,16,9,1
920,16,9,1
921,16,9,1
922,16,9,1
923,16,9,1
924,16,36,1
925,16,9,1
926,16,9,1
927,16,9,1
928,19,9,1
929,147,9,1
930,16,9,1
931,59,9,1
932,16,9,1
933,16,9,1
934,16,74,1
935,16,79,1
936,16,9,1
937,16,9,1
938,19,9,1
939,16,9,1
940,19,9,1
941,16,9,1
942,772,9,1
943,16,9,1
944,16,9,1
945,34,9,1
946,16,9,1
947,16,9,1
948,59,9,1
949,16,9,1
950,16,9,1
951,19,9,1
952,16,9,1
953,59,9,1
954,16,9,1
955,16,9,1
956,16,9,1
957,16,1802,1
958,16,74,1
959,16,79,1
960,16,9,1
961,16,9,1
962,16,9,1
963,16,9,1
964,147,9,1
965,25,9,1
966,16,9,1
967,59,9,1
968,16,9,1
969,16,16,1
970,19,9,1
971,16,9,1
972,16,9,1
973,16,9,1
974,16,9,1
975,19,9,1
976,34,74,1
977,45,38,1
978,16,74,1
979,19,9,1
980,16,16,1
981,16,183,1
982,19,9,1
983,16,9,1
984,19,9,1
985,16,9,1
986,70,9,1
987,16,9,1
988,19,9,1
989,16,9,1
990,16,9,1
991,16,9,1
992,19,9,1
993,16,9,1
994,16,9,1
995,19,9,1
996,16,9,1
997,16,9,1
998,16,9,1
999,19,9,1
1000,16,74,1
1001,34,9,1
1002,16,9,1
1003,16,9,1
1004,16,9,1
1005,16,9,1
1006,16,9,1
1007,19,9,1
1008,16,9,1
1009,16,9,1
1010,16,9,1
1011,16,74,1
1012,16,9,1
1013,16,9,1
1014,16,9,1
1015,147,9,1
1016,16,9,1
1017,16,9,1
1018,16,74,1
1019,16,9,1
1020,16,9,1
1021,16,9,1
1022,16,9,1
1023,16,9,1
1024,16,9,1
1025,16,9,1
1026,16,9,1
1027,16,9,1
1028,19,9,1
1029,16,9,1
1030,16,9,1
1031,147,9,1
1032,147,9,1
1033,19,9,1
1034,16,9,1
1035,16,9,1
1036,16,9,1
1037,19,9,1
1038,147,9,1
1039,16,9,1
1040,16,9,1
1041,34,9,1
1042,16,9,1
1043,16,9,1
1044,16,9,1
1045,16,9,1
1046,16,9,1
1047,59,9,1
1048,16,9,1
1049,16,9,1
1050,16,74,1
1051,16,74,1
1052,16,9,1
1053,16,9,0
1054,16,9,1
1055,16,79,1
1056,406,9,1
1057,16,9,1
1058,406,9,1
1059,16,9,1
1060,16,74,1
1061,19,9,1
1062,16,9,1
1063,6176,9,1
1064,16,9,1
1065,16,9,1
1066,16,79,1
1067,16,9,1
1068,147,9,1
1069,16,9,1
1070,16,9,1
1071,16,79,1
1072,16,9,1
1073,59,9,1
1074,19,9,1
1075,19,9,1
1076,70,9,1
1077,16,9,1
1078,25,9,1
1079,16,9,1
1080,16,9,1
1081,19,9,1
1082,19,9,1
1083,16,9,1
1084,16,9,1
1085,70,9,1
1086,16,16,1
1087,147,9,1
1088,16,9,1
1089,16,9,1
1090,16,9,1
1091,16,9,1
1092,16,9,1
1093,19,9,1
1094,16,74,1
1095,16,9,1
1096,210,74,1
1097,19,9,1
1098,16,9,1
1099,16,74,1
1100,16,9,1
1101,16,9,1
1102,16,9,1
1103,16,74,1
1104,16,9,1
1105,16,183,1
1106,16,9,1
1107,16,9,1
1108,19,9,1
1109,16,9,1
1110,16,9,1
1111,19,9,1
1112,16,183,1
1113,16,9,1
1114,16,9,1
1115,16,9,1
1116,16,74,1
1117,16,9,1
1118,16,9,1
1119,16,183,1
1120,16,9,1
1121,16,9,1
1122,16,9,1
1123,16,9,1
1124,34,62,1
1125,16,9,1
1126,16,9,1
1127,59,9,1
1128,16,9,1
1129,16,74,1
1130,406,9,1
1131,16,9,1
1132,16,9,1
1133,16,9,1
1134,6416,9,1
1135,19,9,1
1136,19,9,1
1137,19,9,1
1138,16,9,1
1139,16,9,1
1140,16,74,1
1141,19,9,1
1142,16,9,1
1143,19,9,1
1144,16,9,1
1145,16,9,1
1146,19,9,1
1147,16,4185,1
1148,16,2024,1
1149,16,9,0
1150,16,9,1
1151,16,9,1
1152,16,758,1
1153,16,9,1
1154,16,9,1
1155,147,9,1
1156,16,9,1
1157,16,9,1
1158,16,9,1
1159,16,9,1
1160,16,74,1
1161,16,9,1
1162,16,9,1
1163,34,16,1
1164,16,9,1
1165,16,9,1
1166,19,9,1
1167,147,9,1
1168,34,16,1
1169,16,58,1
1170,147,9,1
1171,16,9,0
1172,16,36,1
1173,16,9,1
1174,16,9,1
1175,16,9,1
1176,16,9,1
1177,16,74,1
1178,16,9,1
1179,16,9,1
1180,147,9,1
1181,16,9,1
1182,58,16,1
1183,16,79,1
1184,16,9,1
1185,6581,9,1
1186,19,9,1
1187,406,9,1
1188,16,9,1
1189,16,9,1
1190,16,36,1
1191,16,94,1
1192,16,9,1
1193,19,9,1
1194,16,9,1
1195,45,38,1
1196,16,9,1
1197,16,74,1
1198,16,16,1
1199,147,9,1
1200,16,74,1
1201,70,9,1
1202,16,74,1
1203,16,74,1
1204,16,183,1
1205,59,9,1
1206,19,191,1
1207,16,36,1
1208,19,9,1
1209,16,16,1
1210,16,9,1
1211,16,9,1
1212,16,9,1
1213,16,9,1
1214,16,16,1
1215,16,74,1
1216,16,9,1
1217,16,74,1
1218,16,79,1
1219,285,9,1
1220,16,16,1
1221,16,74,1
1222,16,9,1
1223,16,74,1
1224,16,74,1
1225,16,9,1
1226,16,9,1
1227,34,9,1
1228,16,9,1
1229,16,9,1
1230,16,9,1
1231,16,9,1
1232,16,9,1
1233,16,74,1
1234,147,9,1
1235,59,9,1
1236,16,9,1
1237,34,74,1
1238,16,9,1
1239,16,9,1
1240,19,9,1
1241,19,9,1
1242,16,9,1
1243,19,9,1
1244,70,9,1
1245,65,54,1
1246,16,9,1
1247,16,9,1
1248,16,9,1
1249,16,9,1
1250,16,4367,1
1251,16,9,1
1252,16,74,1
1253,16,9,1
1254,16,74,1
1255,16,9,1
1256,19,9,1
1257,16,9,1
1258,70,3005,1
1259,16,74,1
1260,16,9,1
1261,59,9,0
1262,16,9,1
1263,19,9,1
1264,16,74,1
1265,16,74,1
1266,147,9,1
1267,16,369,1
1268,406,9,1
1269,6876,9,1
1270,16,16,1
1271,70,93,1
1272,19,9,1
1273,16,9,1
1274,59,9,1
1275,59,9,1
1276,16,9,1
1277,16,9,1
1278,16,9,1
1279,16,9,1
1280,16,9,1
1281,16,9,1
1282,16,9,1
1283,16,9,1
1284,147,9,1
1285,16,9,1
1286,19,9,1
1287,16,2286,1
1288,577,9,1
1289,16,9,1
1290,16,9,1
1291,334,9,1
1292,16,191,1
1293,16,9,1
1294,147,9,1
1295,16,9,1
1296,16,9,1
1297,16,9,1
1298,19,9,1
1299,16,79,1
1300,59,9,1
1301,16,9,1
1302,59,9,1
1303,16,9,1
1304,147,9,1
1305,16,9,1
1306,16,9,1
1307,16,9,1
1308,772,9,1
1309,16,9,1
1310,19,9,1
1311,59,74,1
1312,45,84,1
1313,71,9,1
1314,16,9,1
1315,59,4506,1
1316,16,3842,1
1317,59,9,1
1318,16,2827,1
1319,34,132,1
1320,59,9,1
1321,16,9,1
1322,16,9,1
1323,16,9,1
1324,59,74,1
1325,16,169,1
1326,772,9,1
1327,16,9,1
1328,16,9,1
1329,577,9,1
1330,19,9,1
1331,70,9,1
1332,59,9,1
1333,16,9,1
1334,59,74,1
1335,19,9,1
1336,614,725,1
1337,16,866,1
1338,16,9,1
1339,910,187,1
1340,16,74,1
1341,147,9,1
1342,16,74,1
1343,16,9,1
1344,6443,4576,1
1345,16,36,1
1346,19,9,1
1347,16,9,1
1348,16,74,1
1349,16,74,1
1350,16,94,1
1351,16,74,1
1352,16,74,1
1353,16,74,1
1354,16,74,1
1355,16,9,1
1356,16,339,1
1357,16,9,1
1358,59,9,1
1359,16,1860,1
1360,16,9,1
1361,16,4602,1
1362,16,16,1
1363,16,9,1
1364,16,74,1
1365,59,1420,1
1366,59,9,1
1367,16,74,1
1368,16,2632,1
1369,147,9,1
1370,403,168,1
1371,16,9,1
1372,771,9,1
1373,16,132,1
1374,16,9,1
1375,34,9,1
1376,59,9,1
1377,16,74,1
1378,7312,9,1
1379,16,79,1
1380,16,9,1
1381,19,9,1
1382,16,9,1
1383,16,9,1
1384,19,9,1
1385,16,9,1
1386,2343,187,1
1387,16,74,1
1388,59,4651,1
1389,59,4657,1
1390,16,74,1
1391,147,9,1
1392,16,4675,1
1393,577,3249,1
1394,16,9,1
1395,16,9,1
1396,16,9,1
1397,59,9,1
1398,59,9,1
1399,16,9,1
1400,16,9,1
1401,19,9,1
1402,772,9,1
1403,59,4697,1
1404,16,9,1
1405,19,9,1
1406,84,9,1
1407,16,4573,1
1408,16,3146,1
1409,592,9,0
1410,16,9,1
1411,16,9,1
1412,59,376,1
1413,16,74,1
1414,16,9,1
1415,16,9,1
1416,16,67,1
1417,16,4675,0
1418,16,4732,1
1419,34,936,1
1420,16,67,1
1421,59,866,1
1422,19,9,1
1423,16,9,1
1424,16,4149,1
1425,16,58,1
1426,7534,9,0
1427,16,9,1
1428,295,191,1
1429,71,327,1
1430,59,74,1
1431,16,4758,1
1432,16,9,1
1433,16,74,1
1434,59,9,1
1435,16,336,1
1436,16,4772,1
1437,59,316,1
1438,16,4784,1
1439,59,4784,1
1440,7548,14,1
1441,16,74,1
1442,16,1802,1
1443,19,9,1
1444,3598,93,1
1445,7634,183,1
1446,59,9,1
1447,16,74,1
1448,59,4811,1
1449,16,3344,1
1450,16,74,1
1451,16,298,1
1452,16,36,1
1453,16,93,1
1454,202,16,1
1455,16,339,1
1456,16,16,1
1457,19,618,1
1458,3248,4849,1
1459,45,32,1
1460,577,9,1
1461,16,4865,1
1462,59,9,1
1463,34,74,1
1464,16,4878,1
1465,16,4883,1
1466,16,1150,1
1467,16,9,1
1468,59,4898,1
1469,159,1876,1
1470,16,67,1
1471,16,4907,1
1472,16,58,1
1473,16,9,1
1474,70,9,1
1475,16,9,1
1476,16,9,1
1477,16,4822,1
1478,758,58,1
1479,71,988,1
1480,16,74,1
1481,16,4940,1
1482,16,1570,1
1483,19,9,1
1484,7880,4951,1
1485,16,4956,1
1486,16,2077,1
1487,59,4963,1
1488,16,4965,1
1489,7906,4969,1
1490,34,9,1
1491,16,422,1
1492,2264,4980,1
1493,16,4985,1
1494,1928,4987,1
1495,16,1449,1
1496,16,1879,1
1497,16,16,1
1498,16,67,1
1499,45,84,1
1500,16,5003,1
1501,927,5008,1
1502,16,74,1
1503,16,4792,1
1504,16,5010,1
1505,71,5011,1
1506,59,5016,1
1507,7995,990,1
1508,59,5021,1
1509,16,277,1
1510,16,1252,1
1511,16,5031,1
1512,16,4792,1
1513,16,58,1
1514,34,74,1
1515,8042,5047,0
1516,16,74,1
1517,16,3521,1
1518,16,1860,1
1519,577,327,1
1520,59,317,1
1521,8061,5061,1
1522,16,5064,1
1523,16,74,1
1524,16,327,1
1525,59,336,1
1526,3115,5079,1
1527,16,5056,1
1528,16,4907,1
1529,442,4849,1
1530,59,5091,1
1531,16,4042,1
1532,16,4042,1
1533,147,336,1
1534,59,9,1
1535,59,3890,1
1536,16,5103,1
1537,16,5109,1
1538,253,4592,1
1539,59,5119,1
1540,16,5133,1
1541,70,93,1
1542,417,5139,1
1543,16,4641,1
1544,16,5151,1
1545,59,5161,1
1546,16,5164,1
1547,16,9,1
1548,59,5171,1
1549,8247,5174,1
1550,59,5176,1
1551,16,5184,1
1552,619,5188,1
1553,59,4641,1
1554,8284,5202,1
1555,1832,5204,1
1556,19,336,1
1557,16,734,1
1558,16,5162,1
1559,3602,2077,1
1560,16,74,1
1561,70,725,1
1562,16,5224,1
1563,16,336,1
1564,16,5230,1
1565,234,182,1
1566,8347,4675,1
1567,16,5241,1
1568,16,2470,1
1569,70,93,1
1570,59,5255,1
1571,16,93,1
1572,59,5171,1
1573,772,454,1
1574,59,4617,1
1575,8408,5272,1
1576,772,9,1
1577,16,3814,1
1578,577,93,1
1579,16,5255,1
1580,147,3487,1
1581,772,5286,1
1582,16,4907,1
1583,6384,327,1
1584,16,4910,1
1585,16,1496,1
1586,59,5304,1
1587,16,5307,1
1588,16,3885,1
1589,16,1290,1
1590,16,183,1
1591,84,9,1
1592,16,1719,1
1593,16,1451,1
1594,16,93,1
1595,8532,5334,1
1596,619,5338,1
1597,8542,5341,1
1598,2225,5347,1
1599,8556,5353,1
1600,8563,183,1
1601,19,618,1
1602,59,5366,1
1603,8584,5369,1
1604,16,5383,1
1605,16,9,1
1606,16,2029,1
1607,77,12,1
1608,8623,58,1
1609,70,93,1
1610,8641,5408,1
1611,16,9,1
1612,1928,5414,1
1613,442,2023,1
1614,16,4792,1
1615,16,5429,1
1616,1928,5076,1
1617,16,336,0
1618,16,5434,1
1619,1282,2482,1
1620,8696,5448,0
1621,38,1350,1
1622,16,994,1
1623,328,552,1
1624,619,3198,1
1625,59,5467,1
1626,59,36,1
1627,2442,226,1
1628,147,4608,1
1629,8742,4722,1
1630,16,1349,1
1631,16,5487,1
1632,59,4812,1
1633,8772,5493,1
1634,927,9,1
1635,6069,3979,1
1636,16,3575,1
1637,38,38,1
1638,8810,5523,1
1639,16,9,1
1640,4378,9,1
1641,70,9,1
1642,772,5535,1
1643,70,9,1
1644,71,9,1
1645,71,3517,1
1646,927,9,1
1647,70,9,1
1648,1284,5554,1
1649,8872,5558,1
1650,8890,3344,1
1651,8906,5586,1
1652,8918,5596,1
1653,8931,5601,1
1654,8948,5616,1
1655,8970,5633,1
1656,3463,9,1
1657,16,139,1
1658,2088,9,1
1659,9009,5657,1
1660,9015,5663,1
1661,9036,1289,1
1662,9050,5696,1
1663,9071,5716,1
1664,9084,5724,1
1665,9092,5730,1
1666,16,9,1
1667,1284,5741,1
1668,59,5752,1
1669,25,9,1
1670,511,9,1
1671,9138,5767,1
1672,9151,5776,1
1673,9165,5787,1
1674,901,728,1
1675,9196,277,1
1676,16,9,1
1677,16,9,1
1678,16,74,1
1679,16,74,1
1680,9234,5837,1
1681,592,9,1
1682,4378,9,1
1683,9261,5858,1
1684,9270,2077,1
1685,9282,5873,1
1686,9292,1301,1
1687,9306,5893,1
1688,410,9,1
1689,9323,2048,1
1690,9347,5918,1
1691,8919,5924,1
1692,16,190,1
1693,16,74,1
1694,16,9,1
1695,16,9,1
1696,16,74,1
1697,16,9,1
1698,16,9,1
1699,16,9,1
1700,16,936,1
1701,59,9,1
1702,16,9,1
1703,8563,9,1
1704,147,9,1
1705,16,9,1
1706,16,2827,1
1707,16,9,1
1708,16,16,1
1709,16,9,1
1710,16,9,1
1711,16,9,1
1712,9437,9,1
1713,147,9,1
1714,16,9,1
1715,16,9,1
1716,16,3411,1
1717,16,9,1
1718,34,16,1
1719,16,9,1
1720,409,93,1
1721,227,9,1
1722,16,9,1
1723,16,16,1
1724,16,9,1
1725,16,74,1
1726,16,9,1
1727,2613,74,1
1728,16,9,1
1729,59,9,1
1730,16,9,1
1731,16,6038,1
1732,16,74,1
1733,16,74,1
1734,71,2077,1
1735,9559,9,1
1736,34,3904,1
1737,9572,4617,1
1738,287,9,1
1739,16,9,1
1740,70,327,1
1741,9591,9,1
1742,16,4910,1
1743,16,16,1
1744,16,74,1
1745,16,183,1
1746,71,9,1
1747,70,9,1
1748,16,9,1
1749,34,74,1
1750,16,74,1
1751,2613,9,1
1752,59,9,1
1753,16,9,1
1754,16,9,1
1755,59,9,1
1756,614,9,1
1757,5733,9,1
1758,9689,9,1
1759,16,16,1
1760,16,74,1
1761,3443,9,1
1762,227,9,1
1763,2192,3017,1
1764,1423,6141,1
1765,16,9,1
1766,3834,9,1
1767,59,9,1
1768,70,9,1
1769,34,74,1
1770,16,74,1
1771,9775,74,1
1772,65,9,1
1773,16,9,1
1774,3848,9,0
1775,147,9,1
1776,16,9,1
1777,957,667,1
1778,8412,9,1
1779,577,93,1
1780,8412,9,1
1781,16,74,1
1782,16,390,1
1783,9859,6116,1
1784,409,9,1
1785,417,6209,1
1786,65,9,1
1787,9881,2761,1
1788,19,9,1
1789,16,74,1
1790,9898,9,1
1791,1595,9,1
1792,2088,9,1
1793,9914,327,1
1794,16,9,1
1795,16,9,1
1796,59,9,1
1797,16,74,1
1798,19,9,1
1799,16,16,1
1800,9960,5791,1
1801,2633,6270,1
1802,59,74,1
1803,71,6286,1
1804,9996,6291,1
1805,16,9,1
1806,16,9,1
1807,25,9,1
1808,510,74,1
1809,71,58,1
1810,10047,9,1
1811,10057,327,1
1812,245,6333,1
1813,16,16,1
1814,59,226,1
1815,10093,9,1
1816,10098,5978,1
1817,42,6065,1
1818,10116,9,1
1819,10132,9,1
1820,10141,994,1
1821,10161,6391,1
1822,10169,191,1
1823,10191,226,1
1824,1176,9,1
1825,10207,6415,1
1826,10223,6426,1
1827,4309,9,1
1828,45,84,1
1829,10235,6433,1
1830,10240,9,1
1831,19,9,1
1832,34,9,1
1833,59,728,1
1834,614,93,1
1835,10292,6458,1
1836,7103,14,1
1837,16,74,1
1838,16,9,1
1839,70,9,1
1840,10332,6479,1
1841,10340,6484,1
1842,10352,226,1
1843,10362,2030,1
1844,16,74,1
1845,147,9,1
1846,34,74,1
1847,16,489,1
1848,10402,6520,1
1849,34,9,1
1850,16,9,1
1851,16,936,1
1852,10440,6544,1
1853,10453,327,1
1854,10463,6554,1
1855,2088,9,1
1856,16,3842,1
1857,10493,327,1
1858,10502,514,1
1859,10522,5978,1
1860,70,9,1
1861,10548,6595,1
1862,9234,6603,1
1863,16,75,1
1864,10587,6625,1
1865,10592,6630,1
1866,10599,6634,1
1867,16,9,1
1868,10624,6653,1
1869,10646,6672,1
1870,10657,6677,1
1871,5634,9,1
1872,10684,9,1
1873,59,6707,1
1874,3598,9,1
1875,16,58,1
1876,772,9,1
1877,10729,6726,1
1878,42,1856,1
1879,10757,6748,1
1880,10768,6757,1
1881,16,16,1
1882,38,38,1
1883,10808,327,1
1884,901,9,1
1885,10825,9,1
1886,10834,6784,1
1887,6989,6792,1
1888,10853,6795,1
1889,10866,6804,1
1890,10875,6809,1
1891,5634,9,1
1892,203,6833,1
1893,203,6845,1
1894,6159,9,1
1895,3390,6872,1
1896,16,9,1
1897,59,9,1
1898,71,58,1
1899,25,9,1
1900,65,9,1
1901,11019,9,1
1902,410,172,1
1903,7752,6932,1
1904,11040,6936,1
1905,11060,9,1
1906,11068,6956,1
1907,11075,6962,1
1908,11092,6978,1
1909,11100,6986,1
1910,16,9,1
1911,16,9,1
1912,147,9,1
1913,59,316,1
1914,783,58,1
1915,11145,7020,1
1916,11154,7027,1
1917,11171,376,1
1918,11178,93,1
1919,11187,7042,1
1920,16,9,1
1921,16,9,1
1922,71,9,1
1923,16,9,1
1924,2155,9,1
1925,59,9,1
1926,5715,9,1
1927,927,9,1
1928,11266,183,1
1929,16,3562,1
1930,11283,7096,1
1931,16,9,1
1932,2192,93,1
1933,406,9,1
1934,11303,6988,1
1935,11322,7120,1
1936,11335,9,1
1937,16,7141,1
1938,11356,7145,1
1939,10773,7147,1
1940,11365,9,1
1941,11374,7157,1
1942,11387,7170,1
1943,11405,7179,1
1944,11423,7194,1
1945,16,58,1
1946,16,75,1
1947,9006,9,1
1948,59,9,1
1949,59,9,1
1950,11496,7238,1
1951,2088,9,1
1952,11523,7249,1
1953,16,9,1
1954,11546,631,1
1955,927,9,1
1956,11132,7290,1
1957,11592,7302,1
1958,6776,7321,1
1959,11619,5,1
1960,11631,631,1
1961,11643,7346,1
1962,11655,7357,1
1963,11666,2327,1
1964,16,9,1
1965,11696,7393,1
1966,11708,7065,1
1967,11711,7406,1
1968,11729,7422,1
1969,11734,3486,1
1970,11743,7435,1
1971,11759,7449,1
1972,11767,7456,1
1973,11774,1641,1
1974,11786,7465,1
1975,11800,815,1
1976,11810,7477,1
1977,577,9,1
1978,577,93,1
1979,59,9,1
1980,16,74,1
1981,70,9,1
1982,227,7493,1
1983,210,7496,1
1984,16,9,1
1985,59,9,1
1986,10433,9,1
1987,16,9,1
1988,11871,183,1
1989,2192,93,1
1990,16,3916,1
1991,11888,3344,1
1992,59,14,1
1993,11869,9,1
1994,7430,9,1
1995,16,9,1
1996,16,9,1
1997,11934,7539,1
1998,70,9,1
1999,16,7545,1
2000,2225,7551,1
2001,65,9,1
2002,59,7566,1
2003,11986,74,1
2004,16,74,1
2005,927,9,1
2006,12004,9,1
2007,12014,7591,1
2008,12018,2077,1
2009,16,9,1
2010,1233,7603,1
2011,8413,7610,1
2012,16,7207,1
2013,12057,9,1
2014,12067,75,1
2015,2896,6103,1
2016,12083,9,1
2017,12093,7632,1
2018,2896,7640,1
2019,3417,7646,1
2020,927,9,1
2021,70,9,1
2022,12151,7671,1
2023,12158,7065,1
2024,12178,7688,1
2025,70,9,1
2026,510,7702,1
2027,12203,182,1
2028,12217,7707,1
2029,11208,9,1
2030,16,226,1
2031,12240,7720,1
2032,12249,7726,1
2033,12257,7731,1
2034,12271,3323,1
2035,9771,7737,1
2036,12291,7747,1
2037,12304,2761,1
2038,12309,7753,1
2039,783,7756,1
2040,19,866,1
2041,12332,9,1
2042,12349,9,1
2043,12363,7785,1
2044,131,277,1
2045,510,9,1
2046,19,9,1
2047,430,9,1
2048,19,9,1
2049,12414,9,1
2050,12429,3626,1
2051,16,9,1
2052,16,9,1
2053,12454,9,1
2054,12465,9,1
2055,16,9,1
2056,16,9,1
2057,16,9,1
2058,34,9,1
2059,16,9,1
2060,2576,190,1
2061,16,9,1
2062,59,9,1
2063,16,9,1
2064,19,1993,1
2065,16,9,1
2066,16,58,1
2067,16,36,1
2068,16,9,1
2069,16,9,1
2070,16,9,1
2071,16,74,1
2072,16,9,1
2073,16,16,1
2074,147,9,1
2075,16,9,1
2076,16,36,1
2077,2633,16,1
2078,16,74,1
2079,430,9,1
2080,403,32,1
2081,16,316,1
2082,59,204,1
2083,418,7898,1
2084,16,994,1
2085,12617,9,1
2086,70,9,1
2087,3617,2508,1
2088,6329,862,1
2089,19,9,1
2090,5718,108,1
2091,25,9,1
2092,12659,187,1
2093,2087,289,1
2094,59,9,1
2095,70,1111,1
2096,10097,7938,1
2097,12699,316,1
2098,16,9,1
2099,16,9,1
2100,12709,84,1
2101,16,16,1
2102,16,74,1
2103,59,9,1
2104,16,9,1
2105,10201,9,1
2106,19,16,1
2107,1683,9,1
2108,59,204,1
2109,25,9,1
2110,16,74,1
2111,16,226,1
2112,16,9,1
2113,16,93,1
2114,70,9,1
2115,12779,7974,1
2116,16,226,1
2117,133,104,1
2118,16,9,1
2119,328,552,1
2120,16,1117,1
2121,1176,9,1
2122,3284,786,1
2123,16,9,1
2124,71,58,1
2125,3361,9,1
2126,19,9,1
2127,285,9,1
2128,34,9,1
2129,8413,9,1
2130,12886,9,1
2131,406,9,1
2132,16,2496,1
2133,42,1099,1
2134,16,9,1
2135,70,93,1
2136,16,9,1
2137,221,4612,1
2138,4378,9,1
2139,16,9,1
2140,232,168,1
2141,12941,9,1
2142,2554,8064,1
2143,70,9,1
2144,38,32,1
2145,34,9,1
2146,16,9,1
2147,8919,8079,1
2148,2192,93,1
2149,234,182,1
2150,12941,9,1
2151,16,9,1
2152,13028,9,1
2153,3923,2700,1
2154,13057,9,1
2155,16,599,1
2156,70,93,1
2157,4091,9,1
2158,13097,7726,1
2159,13103,8130,1
2160,16,9,1
2161,13129,8147,1
2162,13134,8150,1
2163,16,9,1
2164,59,728,1
2165,13146,8158,1
2166,13160,204,1
2167,13171,529,1
2168,13176,9,1
2169,8413,9,1
2170,13195,1860,1
2171,13207,190,1
2172,71,9,1
2173,71,9,1
2174,16,9,1
2175,13248,9,1
2176,13260,93,1
2177,13272,9,1
2178,34,9,1
2179,12419,648,1
2180,16,9,1
2181,403,32,1
2182,42,1856,1
2183,16,9,1
2184,577,9,1
2185,75,9,1
2186,13339,8247,1
2187,184,2508,1
2188,34,582,1
2189,16,9,1
2190,406,9,1
2191,16,191,1
2192,16,9,1
2193,16,9,1
2194,5634,9,1
2195,16,8276,1
2196,42,9,1
2197,19,9,1
2198,16,58,1
2199,16,9,1
2200,16,9,1
2201,19,16,1
2202,42,1856,1
2203,16,58,1
2204,70,9,1
2205,13468,327,1
2206,16,8276,0
2207,84,9,1
2208,16,9,1
2209,13496,9,1
2210,34,9,1
2211,25,9,1
2212,13519,9,1
2213,184,1088,1
2214,13551,8339,1
2215,70,9,1
2216,12138,79,1
2217,8413,9,1
2218,13593,8362,1
2219,13612,8381,1
2220,13619,8385,1
2221,2088,9,1
2222,12138,4096,1
2223,13636,8393,1
2224,16,74,1
2225,70,9,1
2226,70,8405,1
2227,70,9,1
2228,42,9,1
2229,9362,9,1
2230,25,9,1
2231,38,32,1
2232,13710,183,1
2233,59,9,1
2234,16,9,1
2235,2088,54,1
2236,186,642,1
2237,10849,2077,1
2238,19,74,1
2239,25,9,1
2240,84,3761,1
2241,16,167,1
2242,16,74,1
2243,59,9,1
2244,9916,32,1
2245,1612,277,1
2246,70,9,1
2247,16,1252,1
2248,2917,14,1
2249,70,9,1
2250,13865,728,1
2251,4309,8520,1
2252,16,9,1
2253,16,187,1
2254,5718,183,1
2255,13909,9,1
2256,2206,303,1
2257,10193,8543,1
2258,38,168,1
2259,621,8551,1
2260,510,316,1
2261,16,9,1
2262,13961,8566,1
2263,6151,9,1
2264,16,9,1
2265,16,4252,1
2266,16,190,1
2267,16,9,1
2268,13858,8590,1
2269,14011,8597,1
2270,14021,9,1
2271,2613,9,1
2272,16,74,1
2273,14045,9,1
2274,4378,9,1
2275,14057,4104,1
2276,14072,8628,1
2277,5634,9,1
2278,14105,8651,1
2279,16,58,1
2280,14127,8658,1
2281,14140,2496,1
2282,2088,9,1
2283,38,38,1
2284,25,9,1
2285,2194,3514,1
2286,409,93,1
2287,14191,2029,1
2288,10156,4704,1
2289,14224,8706,1
2290,901,9,1
2291,592,9,1
2292,65,9,1
2293,16,9,1
2294,19,9,1
2295,14273,8727,1
2296,14295,8740,1
2297,25,9,1
2298,9877,9,1
2299,14328,8761,1
2300,16,9,1
2301,14352,8778,1
2302,14363,8788,1
2303,14385,9,1
2304,70,54,1
2305,16,190,1
2306,14416,6299,1
2307,14428,3824,1
2308,1683,8834,1
2309,71,9,1
2310,16,9,1
2311,16,74,1
2312,16,74,1
2313,14512,8878,1
2314,14538,8895,1
2315,10706,3344,1
2316,4510,8902,1
2317,16,54,1
2318,8413,9,1
2319,14598,8928,1
2320,14621,9,1
2321,14627,9,1
2322,14635,8949,1
2323,14648,8954,1
2324,16,226,1
2325,14670,8964,1
2326,927,9,1
2327,430,9,1
2328,14701,8983,1
2329,70,9,1
2330,153,8996,1
2331,14739,9014,1
2332,14757,728,1
2333,14773,9031,1
2334,14784,766,1
2335,14798,74,1
2336,9771,9049,1
2337,4962,9,1
2338,25,9,1
2339,45,32,1
2340,147,9,1
2341,71,9,1
2342,16,9,1
2343,285,58,1
2344,16,9,1
2345,16,9,1
2346,71,93,1
2347,71,9,1
2348,5890,9,1
2349,16,9,1
2350,16,9,1
2351,147,9,1
2352,16,9,1
2353,16,226,1
2354,16,9,1
2355,16,9,1
2356,16,9,1
2357,14927,9,1
2358,59,9,1
2359,16,9,1
2360,59,9114,1
2361,45,32,1
2362,186,32,1
2363,5125,9,1
2364,12031,9,1
2365,70,93,1
2366,19,9,1
2367,16,9,1
2368,5125,9,1
2369,16,9,1
2370,3491,277,1
2371,16,167,1
2372,16,3976,1
2373,16,9,1
2374,16,9,1
2375,147,9,1
2376,16,16,1
2377,70,9,1
2378,232,168,1
2379,783,2,1
2380,16,9,1
2381,59,2286,1
2382,14028,9,1
2383,199,9190,1
2384,2192,93,1
2385,772,9,1
2386,15110,9202,1
2387,1222,9208,1
2388,16,9,1
2389,59,4103,1
2390,15145,9,1
2391,12968,9,1
2392,70,9,1
2393,59,298,1
2394,16,9,1
2395,38,6516,1
2396,509,9,1
2397,2554,74,1
2398,59,4898,1
2399,14467,9261,1
2400,15242,9267,1
2401,8412,9,1
2402,16,58,1
2403,2192,93,1
2404,15285,9,1
2405,16,9,1
2406,10201,9,1
2407,5634,9,1
2408,16,9,1
2409,15346,327,1
2410,15351,9,1
2411,778,9336,1
2412,410,9,1
2413,42,4342,1
2414,3834,9,1
2415,12604,9,1
2416,15409,9364,1
2417,15427,4617,1
2418,8413,9,1
2419,15447,9,1
2420,8413,9,1
2421,15475,9390,1
2422,11208,9,1
2423,70,93,1
2424,186,1215,1
2425,15503,9,1
2426,10201,9,1
2427,12138,9411,1
2428,285,9,1
2429,15540,9419,1
2430,15549,4221,1
2431,16,58,1
2432,16,14,1
2433,70,9,1
2434,16,4101,1
2435,2214,9453,1
2436,12908,90,1
2437,15628,9,1
2438,2088,54,1
2439,8935,8544,1
2440,15662,9495,1
2441,404,187,1
2442,15686,8303,1
2443,577,9,1
2444,84,1856,1
2445,15722,9539,1
2446,15739,9549,1
2447,497,5353,1
2448,15756,58,1
2449,15766,9565,1
2450,13143,9579,1
2451,153,9592,1
2452,9006,9,1
2453,93,9609,1
2454,3361,9,1
2455,15865,9624,1
2456,15900,9,1
2457,1589,1114,1
2458,15928,9662,1
2459,410,9,1
2460,15939,9668,1
2461,15956,9678,1
2462,15978,9691,1
2463,15994,9,1
2464,16002,9699,1
2465,6996,9708,1
2466,16015,9711,1
2467,16060,9725,1
2468,16073,168,1
2469,19,9,1
2470,59,9,1
2471,16,390,1
2472,59,9,1
2473,16,9,1
2474,1585,9743,1
2475,71,9,1
2476,16,9,1
2477,16,9,1
2478,16,9,1
2479,147,9,1
2480,16128,9,1
2481,59,9,1
2482,16,9,1
2483,38,32,1
2484,71,561,1
2485,16,9,1
2486,2088,9,1
2487,45,168,1
2488,4214,191,1
2489,59,9,1
2490,772,9,1
2491,59,9,1
2492,16,9,1
2493,16,9,1
2494,16,9,1
2495,16,9,1
2496,16,9785,1
2497,16,9,1
2498,59,9,1
2499,16,9,1
2500,4749,9,1
2501,16,9,1
2502,16,16,1
2503,147,9,1
2504,59,9,1
2505,34,9,1
2506,771,9,1
2507,8412,9,1
2508,16,9,1
2509,16,9,1
2510,16,74,1
2511,16,9,1
2512,59,9817,1
2513,406,9,1
2514,45,32,1
2515,16277,74,1
2516,34,74,1
2517,16,74,1
2518,147,5959,1
2519,59,36,1
2520,16,9,1
2521,25,9,1
2522,16,9,1
2523,16338,1421,1
2524,10097,9856,1
2525,2936,289,1
2526,1157,1117,1
2527,5733,9,1
2528,16,9,1
2529,25,9,1
2530,16378,1738,1
2531,59,9,1
2532,16400,9892,1
2533,70,93,1
2534,16,9,1
2535,16,9905,1
2536,42,8233,1
2537,10433,9916,1
2538,2088,9,1
2539,5634,9,1
2540,2613,9,1
2541,16,9,1
2542,59,93,1
2543,16482,9947,1
2544,403,32,1
2545,2088,9,1
2546,59,9,1
2547,10631,8928,1
2548,59,9,1
2549,38,32,1
2550,71,6336,1
2551,42,9,1
2552,16569,3190,1
2553,2554,16,1
2554,70,9,1
2555,59,816,1
2556,509,9,1
2557,16609,10013,1
2558,2155,10019,1
2559,16,9,1
2560,16637,10029,1
2561,16649,9,1
2562,16654,3344,1
2563,7030,1538,1
2564,59,9,1
2565,2088,9,1
2566,3390,10058,1
2567,59,9,1
2568,16712,10070,1
2569,16732,9,1
2570,3550,9,1
2571,12741,10100,1
2572,45,10105,1
2573,16,9,1
2574,16776,10113,1
2575,16788,10118,1
2576,16,58,1
2577,3109,190,1
2578,16,7892,1
2579,6308,9,1
2580,2834,9,1
2581,59,9,1
2582,5634,9,1
2583,117,2327,1
2584,16,58,1
2585,16,9,1
2586,410,9,1
2587,1422,9,1
2588,16887,10187,1
2589,16903,10198,1
2590,16912,10203,1
2591,16926,10211,1
2592,16938,9,1
2593,16945,10219,1
2594,16963,10231,1
2595,16974,16,1
2596,16980,10238,1
2597,16989,967,1
2598,9771,10251,1
2599,17014,4401,1
2600,17031,967,1
2601,17047,4224,1
2602,34,9,1
2603,19,9,1
2604,2088,9,1
2605,16,9,1
2606,16,9,1
2607,16,9,1
2608,59,9,1
2609,16,9,1
2610,406,9,1
2611,16,9,1
2612,667,9,1
2613,147,9,1
2614,19,74,1
2615,59,10311,1
2616,16,9,1
2617,19,1496,1
2618,71,9,1
2619,6329,2645,1
2620,59,9,1
2621,34,9,1
2622,16,9,1
2623,59,9,1
2624,147,9,1
2625,16,93,1
2626,71,9,1
2627,16,9,1
2628,771,9,1
2629,59,2238,1
2630,34,74,1
2631,16,190,1
2632,147,9,1
2633,16,9,1
2634,19,9,1
2635,8412,9,1
2636,285,9,1
2637,16,9,1
2638,11208,9,1
2639,234,182,1
2640,59,9,1
2641,65,9,1
2642,59,316,1
2643,70,9,1
2644,147,9,1
2645,59,9,1
2646,16,9,1
2647,16,9,1
2648,16,9,1
2649,927,9,1
2650,2195,10410,1
2651,25,9,1
2652,70,93,1
2653,70,9,1
2654,59,4239,1
2655,138,108,1
2656,6640,9,1
2657,16,9,1
2658,17340,10426,1
2659,9006,9,1
2660,8753,9,1
2661,4036,9,1
2662,84,9,1
2663,59,9,1
2664,71,884,1
2665,70,9,1
2666,334,10463,1
2667,1195,9,1
2668,16,9,1
2669,59,10471,1
2670,59,9,1
2671,965,79,1
2672,38,168,1
2673,34,9,1
2674,2343,187,1
2675,619,226,1
2676,9183,557,1
2677,17489,10502,1
2678,16,9230,1
2679,758,58,1
2680,17512,10510,1
2681,5634,9,1
2682,409,9,1
2683,34,16,1
2684,17547,10533,1
2685,901,9,1
2686,71,58,1
2687,410,9,1
2688,16,16,1
2689,17607,5959,1
2690,410,9,1
2691,640,187,1
2692,16,9,1
2693,17637,10575,1
2694,17657,10592,1
2695,16,168,1
2696,2219,1570,1
2697,17678,10602,1
2698,17694,16,1
2699,17708,10621,1
2700,17724,10629,1
2701,17737,9,1
2702,2088,9,1
2703,17755,4225,1
2704,227,10660,1
2705,510,10672,1
2706,17801,10676,1
2707,17821,9,1
2708,14185,9,1
2709,14627,9,1
2710,19,226,1
2711,17873,10714,1
2712,410,9,1
2713,17906,1486,1
2714,17913,8975,1
2715,17924,7442,1
2716,14,10748,1
2717,8413,9,1
2718,14217,10768,1
2719,17976,725,1
2720,16,10784,1
2721,7752,10785,1
2722,4761,10797,1
2723,147,9,1
2724,71,9,1
2725,59,9,1
2726,577,9,1
2727,16,74,1
2728,16,16,1
2729,147,4432,1
2730,16,183,1
2731,16,9,1
2732,18050,1999,1
2733,70,93,1
2734,16,9,1
2735,2215,10832,1
2736,18074,10842,1
2737,18082,10845,1
2738,3224,3910,1
2739,70,9,1
2740,2088,6614,1
2741,11208,9,1
2742,18127,1785,1
2743,901,10872,1
2744,18157,10889,1
2745,59,10895,1
2746,16,128,1
2747,59,9,1
2748,18176,10904,1
2749,2298,10908,1
2750,18188,3575,1
2751,18198,10677,1
2752,18213,10917,1
2753,18226,9,1
2754,1423,5547,1
2755,16,1570,1
2756,16,74,1
2757,18277,182,1
2758,18288,1816,1
2759,1284,16,1
2760,16,226,1
2761,18318,10980,1
2762,18338,10993,1
2763,18349,11001,1
2764,2463,11010,1
2765,16,9,1
2766,65,9,1
2767,59,9,1
2768,18388,37,1
2769,18404,11040,1
2770,18424,11059,1
2771,9239,11066,1
2772,7960,2077,1
2773,410,9,1
2774,8413,9,1
2775,71,11092,1
2776,18477,11101,1
2777,71,11109,1
2778,2311,11117,1
2779,783,58,1
2780,18526,2023,1
2781,16,9,1
2782,70,11138,1
2783,18548,9,1
2784,11551,9,1
2785,18557,1174,1
2786,1618,11163,1
2787,15138,11173,1
2788,1683,1425,1
2789,13091,11181,1
2790,778,11190,1
2791,18629,9242,1
2792,18640,11208,1
2793,18650,11218,1
2794,14057,11223,1
2795,18667,11230,1
2796,18671,11233,1
2797,16,9,1
2798,16,9,1
2799,16,9,1
2800,147,9,1
2801,16,9,1
2802,70,9,1
2803,16,9,1
2804,16,9,1
2805,16,9,1
2806,758,390,1
2807,16152,9,1
2808,7187,9,1
2809,19,9,1
2810,927,9,1
2811,18778,9,1
2812,18783,93,1
2813,18788,226,1
2814,19,74,1
2815,25,9,1
2816,16,9,1
2817,16,728,1
2818,18822,11323,1
2819,18829,11329,1
2820,14920,14,1
2821,59,2430,1
2822,778,11351,1
2823,18870,1785,1
2824,3390,11357,1
2825,410,9,1
2826,59,9,1
2827,5634,9,1
2828,70,3017,1
2829,14,11389,1
2830,8919,11396,1
2831,18954,11405,1
2832,16,58,1
2833,153,11412,1
2834,2415,11420,1
2835,19007,11435,1
2836,16,11455,1
2837,6308,9,1
2838,9780,9,1
2839,2088,9,1
2840,16,76,1
2841,149,117,1
2842,14215,9,1
2843,2554,16,1
2844,11518,54,1
2845,5293,8566,1
2846,19127,11513,1
2847,10377,11528,1
2848,19165,11540,1
2849,19177,11547,1
2850,16,16,1
2851,59,190,1
2852,16,9,1
2853,19199,11563,1
2854,70,9,1
2855,19210,11572,1
2856,19224,11584,1
2857,3416,11595,1
2858,19245,11604,1
2859,19254,9,1
2860,19267,5061,1
2861,16,9,1
2862,16,9,1
2863,16,9,1
2864,16,9,1
2865,16,9,1
2866,16,9,1
2867,16,9,1
2868,16,9,1
2869,16,9,1
2870,16,9,1
2871,16,9,1
2872,406,9,1
2873,16,9,1
2874,147,9,1
2875,16,9,1
2876,147,9,1
2877,16,9,1
2878,147,9,1
2879,147,9,1
2880,16,9,1
2881,16,9,1
2882,147,9,1
2883,147,9,1
2884,71,9,1
2885,16,9,1
2886,147,1856,1
2887,147,9,1
2888,16,9,1
2889,772,9,1
2890,16,9,1
2891,16,9,1
2892,406,9,1
2893,19417,9,1
2894,16,14,1
2895,16,9,1
2896,70,93,1
2897,7534,9,1
2898,16,9,1
2899,16,9,1
2900,16,9,1
2901,16,9,1
2902,71,9,1
2903,16,9,1
2904,16,9,1
2905,16,258,1
2906,16,9,1
2907,71,9,1
2908,70,9,1
2909,147,9,1
2910,147,9,1
2911,16,9,1
2912,16,9,1
2913,71,9,1
2914,16,9,1
2915,147,9,1
2916,16,9,1
2917,16,94,1
2918,147,9,1
2919,147,9,1
2920,16,9,1
2921,147,9,1
2922,406,9,1
2923,406,9,1
2924,16,9,1
2925,147,9,1
2926,147,9,1
2927,16,9,1
2928,1422,9,1
2929,16,9,1
2930,16,9,1
2931,16,9,1
2932,16,9,1
2933,16,9,1
2934,16,9,1
2935,16,9,1
2936,406,9,1
2937,19588,9,1
2938,16,9,1
2939,147,9,1
2940,16,9,1
2941,71,9,1
2942,16,9,1
2943,147,9,1
2944,227,9,1
2945,406,9,1
2946,71,9,1
2947,147,9,1
2948,71,9,1
2949,5125,9,1
2950,19660,9,1
2951,16,9,1
2952,19674,54,0
2953,16,9,1
2954,25,9,1
2955,16,94,1
2956,71,9,1
2957,16,9,1
2958,406,5961,1
2959,16,9,1
2960,577,9,1
2961,406,9,1
2962,577,9,1
2963,16,94,1
2964,577,9,1
2965,227,9,1
2966,16,9,1
2967,147,9,1
2968,19745,9,1
2969,16,9,1
2970,16,9,1
2971,71,93,1
2972,227,9,1
2973,285,9,1
2974,71,5370,1
2975,71,9,1
2976,2192,93,1
2977,71,9,1
2978,147,9,1
2979,16,9,1
2980,16,9,1
2981,406,9,1
2982,16,9,1
2983,16,9,1
2984,71,9,1
2985,1422,9,1
2986,71,9,1
2987,70,9,1
2988,71,9,1
2989,16,9,1
2990,147,9,1
2991,16,75,1
2992,406,9,1
2993,71,9,1
2994,42,9,1
2995,147,9,1
2996,16,9,1
2997,19853,9,1
2998,71,9,1
2999,16,9,1
3000,16,16,1
3001,153,11952,1
3002,16,9,1
3003,16,9,1
3004,16,9,1
3005,16,9,1
3006,16,9,1
3007,16,9,1
3008,16,9,1
3009,16,9,1
3010,16,9,1
3011,16,9,1
3012,16,9,1
3013,16,9,1
3014,16,9,1
3015,16,9,1
3016,16,9,1
3017,147,9,1
3018,406,9,1
3019,16,9,1
3020,16,9,1
3021,70,9,1
3022,16,9,1
3023,16,9,1
3024,16,9,1
3025,16,9,1
3026,16,9,1
3027,16,9,1
3028,16,9,1
3029,16,9,1
3030,16,9,1
3031,16,9,1
3032,19,489,1
3033,16,9,1
3034,16,9,1
3035,406,9,1
3036,234,182,1
3037,16,94,1
3038,34,9,1
3039,16,9,1
3040,16,9,1
3041,59,9,1
3042,70,9,1
3043,16,9,1
3044,16,9,1
3045,16,9,1
3046,16,9,1
3047,59,316,1
3048,16,9,1
3049,16,1070,1
3050,16,9,1
3051,16,9,1
3052,16,9,1
3053,16,9,1
3054,16,9,1
3055,59,9,1
3056,406,9,1
3057,16,9,1
3058,16,9,1
3059,16,9,1
3060,16,9,1
3061,16,9,1
3062,16,9,1
3063,16,9,1
3064,147,9,1
3065,16,9,1
3066,16,9,1
3067,16,9,1
3068,71,9,1
3069,20224,9,1
3070,16,9,1
3071,71,9,1
3072,147,9,1
3073,16,9,1
3074,16,9,1
3075,406,9,1
3076,16,9,1
3077,16,9,1
3078,577,9,1
3079,16,9,1
3080,147,9,1
3081,406,9,1
3082,16,9,1
3083,16,9,1
3084,16,728,1
3085,227,9,1
3086,16,9,1
3087,16,9,1
3088,16,3485,1
3089,34,9,1
3090,16,9,1
3091,71,9,1
3092,16,9,1
3093,16,74,1
3094,147,9,1
3095,406,9,1
3096,16,14,1
3097,577,9,1
3098,147,9,1
3099,16,9,1
3100,70,9,1
3101,16,9,1
3102,16,139,1
3103,16,9,1
3104,59,74,1
3105,147,9,1
3106,84,58,1
3107,16,9,1
3108,16,9,1
3109,59,9,1
3110,147,9,1
3111,16,9,1
3112,20443,12266,1
3113,59,74,1
3114,9006,9,1
3115,70,9,1
3116,59,9,1
3117,16,9,1
3118,16,9,1
3119,16,9,1
3120,147,9,1
3121,16,9,1
3122,65,9,1
3123,147,9,1
3124,406,9,1
3125,772,9,1
3126,16,9,1
3127,16,9,1
3128,16,9,1
3129,16,9,1
3130,16,9,1
3131,16,9,1
3132,7548,14,1
3133,16,9,1
3134,772,9,1
3135,16,9,1
3136,147,9,1
3137,20589,9,1
3138,59,93,1
3139,19,866,1
3140,16,9,1
3141,16,9,1
3142,16,9,1
3143,16,9,1
3144,59,9,1
3145,19070,9,1
3146,16,9,1
3147,147,9,1
3148,16,9,1
3149,16,9,1
3150,406,9,1
3151,16,9,1
3152,16,9,1
3153,16,9,1
3154,147,9,1
3155,16,9,1
3156,16,9,1
3157,16,58,1
3158,147,9,1
3159,16,9,1
3160,20684,9,1
3161,20697,9,1
3162,147,9,1
3163,16,9,1
3164,16,9,1
3165,406,9,1
3166,16,9,1
3167,16,94,1
3168,59,9,1
3169,16,9,1
3170,34,9,1
3171,16,9,1
